time,time_ms,speed,acceleration,vehicle_ref,actorConfig_id,actorConfig_emissionClass,actorConfig_fuel,actorConfig_ref,actorConfig_vehicleClass
06:42:17,24137000,0,0,Route16_trip152040020_06:41:00,6,Euro4,Gasoline,Gillig_102,Passenger
06:42:18,24138000,0,0,Route16_trip152040020_06:41:00,6,Euro4,Gasoline,Gillig_102,Passenger
06:42:19,24139000,0,0,Route16_trip152040020_06:41:00,6,Euro4,Gasoline,Gillig_102,Passenger
06:42:20,24140000,0,0,Route16_trip152040020_06:41:00,6,Euro4,Gasoline,Gillig_102,Passenger
06:42:21,24141000,0,0,Route16_trip152040020_06:41:00,6,Euro4,Gasoline,Gillig_102,Passenger
06:42:22,24142000,0,0,Route16_trip152040020_06:41:00,6,Euro4,Gasoline,Gillig_102,Passenger
06:42:23,24143000,0,0,Route16_trip152040020_06:41:00,6,Euro4,Gasoline,Gillig_102,Passenger
06:42:24,24144000,0,0,Route16_trip152040020_06:41:00,6,Euro4,Gasoline,Gillig_102,Passenger
06:42:25,24145000,0,0,Route16_trip152040020_06:41:00,6,Euro4,Gasoline,Gillig_102,Passenger
06:42:26,24146000,0,0,Route16_trip152040020_06:41:00,6,Euro4,Gasoline,Gillig_102,Passenger
06:42:27,24147000,0,0,Route16_trip152040020_06:41:00,6,Euro4,Gasoline,Gillig_102,Passenger
06:42:28,24148000,0,0,Route16_trip152040020_06:41:00,6,Euro4,Gasoline,Gillig_102,Passenger
06:42:29,24149000,0,0,Route16_trip152040020_06:41:00,6,Euro4,Gasoline,Gillig_102,Passenger
06:42:30,24150000,0,0,Route16_trip152040020_06:41:00,6,Euro4,Gasoline,Gillig_102,Passenger
06:42:31,24151000,0,0,Route16_trip152040020_06:41:00,6,Euro4,Gasoline,Gillig_102,Passenger
06:42:32,24152000,0,0,Route16_trip152040020_06:41:00,6,Euro4,Gasoline,Gillig_102,Passenger
06:42:33,24153000,0,0,Route16_trip152040020_06:41:00,6,Euro4,Gasoline,Gillig_102,Passenger
06:42:34,24154000,0,0,Route16_trip152040020_06:41:00,6,Euro4,Gasoline,Gillig_102,Passenger
06:42:35,24155000,0,0,Route16_trip152040020_06:41:00,6,Euro4,Gasoline,Gillig_102,Passenger
06:42:36,24156000,0,0,Route16_trip152040020_06:41:00,6,Euro4,Gasoline,Gillig_102,Passenger
06:42:37,24157000,0,0,Route16_trip152040020_06:41:00,6,Euro4,Gasoline,Gillig_102,Passenger
06:42:38,24158000,0,0,Route16_trip152040020_06:41:00,6,Euro4,Gasoline,Gillig_102,Passenger
06:42:39,24159000,0,0,Route16_trip152040020_06:41:00,6,Euro4,Gasoline,Gillig_102,Passenger
06:42:40,24160000,0,0,Route16_trip152040020_06:41:00,6,Euro4,Gasoline,Gillig_102,Passenger
06:42:41,24161000,0,0,Route16_trip152040020_06:41:00,6,Euro4,Gasoline,Gillig_102,Passenger
06:42:42,24162000,0,0,Route16_trip152040020_06:41:00,6,Euro4,Gasoline,Gillig_102,Passenger
06:42:43,24163000,0,0,Route16_trip152040020_06:41:00,6,Euro4,Gasoline,Gillig_102,Passenger
06:42:44,24164000,0,0,Route16_trip152040020_06:41:00,6,Euro4,Gasoline,Gillig_102,Passenger
06:42:45,24165000,0,0,Route16_trip152040020_06:41:00,6,Euro4,Gasoline,Gillig_102,Passenger
06:42:46,24166000,0,0,Route16_trip152040020_06:41:00,6,Euro4,Gasoline,Gillig_102,Passenger
06:42:47,24167000,0,0,Route16_trip152040020_06:41:00,6,Euro4,Gasoline,Gillig_102,Passenger
06:42:48,24168000,0,0,Route16_trip152040020_06:41:00,6,Euro4,Gasoline,Gillig_102,Passenger
06:42:49,24169000,0,0,Route16_trip152040020_06:41:00,6,Euro4,Gasoline,Gillig_102,Passenger
06:42:50,24170000,0,0,Route16_trip152040020_06:41:00,6,Euro4,Gasoline,Gillig_102,Passenger
06:42:51,24171000,0,0,Route16_trip152040020_06:41:00,6,Euro4,Gasoline,Gillig_102,Passenger
06:42:52,24172000,0,0,Route16_trip152040020_06:41:00,6,Euro4,Gasoline,Gillig_102,Passenger
06:42:53,24173000,0,0,Route16_trip152040020_06:41:00,6,Euro4,Gasoline,Gillig_102,Passenger
06:42:54,24174000,0,0,Route16_trip152040020_06:41:00,6,Euro4,Gasoline,Gillig_102,Passenger
06:42:55,24175000,0,0,Route16_trip152040020_06:41:00,6,Euro4,Gasoline,Gillig_102,Passenger
06:42:56,24176000,0,0,Route16_trip152040020_06:41:00,6,Euro4,Gasoline,Gillig_102,Passenger
06:42:57,24177000,0,0,Route16_trip152040020_06:41:00,6,Euro4,Gasoline,Gillig_102,Passenger
06:42:58,24178000,0,0,Route16_trip152040020_06:41:00,6,Euro4,Gasoline,Gillig_102,Passenger
06:42:59,24179000,0,0,Route16_trip152040020_06:41:00,6,Euro4,Gasoline,Gillig_102,Passenger
06:43:00,24180000,0,0,Route16_trip152040020_06:41:00,6,Euro4,Gasoline,Gillig_102,Passenger
06:43:01,24181000,0,0,Route16_trip152040020_06:41:00,6,Euro4,Gasoline,Gillig_102,Passenger
06:43:02,24182000,0,0,Route16_trip152040020_06:41:00,6,Euro4,Gasoline,Gillig_102,Passenger
06:43:03,24183000,0,0,Route16_trip152040020_06:41:00,6,Euro4,Gasoline,Gillig_102,Passenger
06:43:04,24184000,0,0,Route16_trip152040020_06:41:00,6,Euro4,Gasoline,Gillig_102,Passenger
06:43:05,24185000,0,0,Route16_trip152040020_06:41:00,6,Euro4,Gasoline,Gillig_102,Passenger
06:43:06,24186000,0,0,Route16_trip152040020_06:41:00,6,Euro4,Gasoline,Gillig_102,Passenger
06:43:07,24187000,0,0,Route16_trip152040020_06:41:00,6,Euro4,Gasoline,Gillig_102,Passenger
06:43:08,24188000,0,0,Route16_trip152040020_06:41:00,6,Euro4,Gasoline,Gillig_102,Passenger
06:43:09,24189000,0,0,Route16_trip152040020_06:41:00,6,Euro4,Gasoline,Gillig_102,Passenger
06:43:10,24190000,0,0,Route16_trip152040020_06:41:00,6,Euro4,Gasoline,Gillig_102,Passenger
06:43:11,24191000,0,0,Route16_trip152040020_06:41:00,6,Euro4,Gasoline,Gillig_102,Passenger
06:43:12,24192000,0,0,Route16_trip152040020_06:41:00,6,Euro4,Gasoline,Gillig_102,Passenger
06:43:13,24193000,0,0,Route16_trip152040020_06:41:00,6,Euro4,Gasoline,Gillig_102,Passenger
06:43:14,24194000,0,0,Route16_trip152040020_06:41:00,6,Euro4,Gasoline,Gillig_102,Passenger
06:43:15,24195000,0,0,Route16_trip152040020_06:41:00,6,Euro4,Gasoline,Gillig_102,Passenger
06:43:16,24196000,0,0,Route16_trip152040020_06:41:00,6,Euro4,Gasoline,Gillig_102,Passenger
06:43:17,24197000,0,0,Route16_trip152040020_06:41:00,6,Euro4,Gasoline,Gillig_102,Passenger
06:43:18,24198000,0,0,Route16_trip152040020_06:41:00,6,Euro4,Gasoline,Gillig_102,Passenger
06:43:19,24199000,0,0,Route16_trip152040020_06:41:00,6,Euro4,Gasoline,Gillig_102,Passenger
06:43:20,24200000,0,0,Route16_trip152040020_06:41:00,6,Euro4,Gasoline,Gillig_102,Passenger
06:43:21,24201000,0,0,Route16_trip152040020_06:41:00,6,Euro4,Gasoline,Gillig_102,Passenger
06:43:22,24202000,0,0,Route16_trip152040020_06:41:00,6,Euro4,Gasoline,Gillig_102,Passenger
06:43:23,24203000,0,0,Route16_trip152040020_06:41:00,6,Euro4,Gasoline,Gillig_102,Passenger
06:43:24,24204000,0,0,Route16_trip152040020_06:41:00,6,Euro4,Gasoline,Gillig_102,Passenger
06:43:25,24205000,0,0,Route16_trip152040020_06:41:00,6,Euro4,Gasoline,Gillig_102,Passenger
06:43:26,24206000,0,0,Route16_trip152040020_06:41:00,6,Euro4,Gasoline,Gillig_102,Passenger
06:43:27,24207000,0,0,Route16_trip152040020_06:41:00,6,Euro4,Gasoline,Gillig_102,Passenger
06:43:28,24208000,0,0,Route16_trip152040020_06:41:00,6,Euro4,Gasoline,Gillig_102,Passenger
06:43:29,24209000,0,0,Route16_trip152040020_06:41:00,6,Euro4,Gasoline,Gillig_102,Passenger
06:43:30,24210000,0,0,Route16_trip152040020_06:41:00,6,Euro4,Gasoline,Gillig_102,Passenger
06:43:31,24211000,0,0,Route16_trip152040020_06:41:00,6,Euro4,Gasoline,Gillig_102,Passenger
06:43:32,24212000,0,0,Route16_trip152040020_06:41:00,6,Euro4,Gasoline,Gillig_102,Passenger
06:43:33,24213000,0,0,Route16_trip152040020_06:41:00,6,Euro4,Gasoline,Gillig_102,Passenger
06:43:34,24214000,0,0,Route16_trip152040020_06:41:00,6,Euro4,Gasoline,Gillig_102,Passenger
06:43:35,24215000,0,0,Route16_trip152040020_06:41:00,6,Euro4,Gasoline,Gillig_102,Passenger
06:43:36,24216000,0,0,Route16_trip152040020_06:41:00,6,Euro4,Gasoline,Gillig_102,Passenger
06:43:37,24217000,0,0,Route16_trip152040020_06:41:00,6,Euro4,Gasoline,Gillig_102,Passenger
06:43:38,24218000,0,0,Route16_trip152040020_06:41:00,6,Euro4,Gasoline,Gillig_102,Passenger
06:43:39,24219000,0,0,Route16_trip152040020_06:41:00,6,Euro4,Gasoline,Gillig_102,Passenger
06:43:40,24220000,0,0,Route16_trip152040020_06:41:00,6,Euro4,Gasoline,Gillig_102,Passenger
06:43:41,24221000,0,0,Route16_trip152040020_06:41:00,6,Euro4,Gasoline,Gillig_102,Passenger
06:43:42,24222000,0,0,Route16_trip152040020_06:41:00,6,Euro4,Gasoline,Gillig_102,Passenger
06:43:43,24223000,0,0,Route16_trip152040020_06:41:00,6,Euro4,Gasoline,Gillig_102,Passenger
06:43:44,24224000,0,0,Route16_trip152040020_06:41:00,6,Euro4,Gasoline,Gillig_102,Passenger
06:43:45,24225000,0,0,Route16_trip152040020_06:41:00,6,Euro4,Gasoline,Gillig_102,Passenger
06:43:46,24226000,0,0,Route16_trip152040020_06:41:00,6,Euro4,Gasoline,Gillig_102,Passenger
06:43:47,24227000,0,0,Route16_trip152040020_06:41:00,6,Euro4,Gasoline,Gillig_102,Passenger
06:43:48,24228000,0,0,Route16_trip152040020_06:41:00,6,Euro4,Gasoline,Gillig_102,Passenger
06:43:49,24229000,0,0,Route16_trip152040020_06:41:00,6,Euro4,Gasoline,Gillig_102,Passenger
06:43:50,24230000,0,0,Route16_trip152040020_06:41:00,6,Euro4,Gasoline,Gillig_102,Passenger
06:43:51,24231000,0,0,Route16_trip152040020_06:41:00,6,Euro4,Gasoline,Gillig_102,Passenger
06:43:52,24232000,0,0,Route16_trip152040020_06:41:00,6,Euro4,Gasoline,Gillig_102,Passenger
06:43:53,24233000,0,0,Route16_trip152040020_06:41:00,6,Euro4,Gasoline,Gillig_102,Passenger
06:43:54,24234000,0,0,Route16_trip152040020_06:41:00,6,Euro4,Gasoline,Gillig_102,Passenger
06:43:55,24235000,0,0,Route16_trip152040020_06:41:00,6,Euro4,Gasoline,Gillig_102,Passenger
06:43:56,24236000,0,0,Route16_trip152040020_06:41:00,6,Euro4,Gasoline,Gillig_102,Passenger
06:43:57,24237000,0,0,Route16_trip152040020_06:41:00,6,Euro4,Gasoline,Gillig_102,Passenger
06:43:58,24238000,0,0,Route16_trip152040020_06:41:00,6,Euro4,Gasoline,Gillig_102,Passenger
06:43:59,24239000,0,0,Route16_trip152040020_06:41:00,6,Euro4,Gasoline,Gillig_102,Passenger
06:44:00,24240000,0,0,Route16_trip152040020_06:41:00,6,Euro4,Gasoline,Gillig_102,Passenger
06:44:01,24241000,0,0,Route16_trip152040020_06:41:00,6,Euro4,Gasoline,Gillig_102,Passenger
06:44:02,24242000,0,0,Route16_trip152040020_06:41:00,6,Euro4,Gasoline,Gillig_102,Passenger
06:44:03,24243000,0,0,Route16_trip152040020_06:41:00,6,Euro4,Gasoline,Gillig_102,Passenger
06:44:04,24244000,0,0,Route16_trip152040020_06:41:00,6,Euro4,Gasoline,Gillig_102,Passenger
06:44:05,24245000,0,0,Route16_trip152040020_06:41:00,6,Euro4,Gasoline,Gillig_102,Passenger
06:44:06,24246000,0,0,Route16_trip152040020_06:41:00,6,Euro4,Gasoline,Gillig_102,Passenger
06:44:07,24247000,0,0,Route16_trip152040020_06:41:00,6,Euro4,Gasoline,Gillig_102,Passenger
06:44:08,24248000,0,0,Route16_trip152040020_06:41:00,6,Euro4,Gasoline,Gillig_102,Passenger
06:44:09,24249000,0,0,Route16_trip152040020_06:41:00,6,Euro4,Gasoline,Gillig_102,Passenger
06:44:10,24250000,0,0,Route16_trip152040020_06:41:00,6,Euro4,Gasoline,Gillig_102,Passenger
06:44:11,24251000,0,0,Route16_trip152040020_06:41:00,6,Euro4,Gasoline,Gillig_102,Passenger
06:44:12,24252000,0,0,Route16_trip152040020_06:41:00,6,Euro4,Gasoline,Gillig_102,Passenger
06:44:13,24253000,0,0,Route16_trip152040020_06:41:00,6,Euro4,Gasoline,Gillig_102,Passenger
06:44:14,24254000,0,0,Route16_trip152040020_06:41:00,6,Euro4,Gasoline,Gillig_102,Passenger
06:44:15,24255000,0,0,Route16_trip152040020_06:41:00,6,Euro4,Gasoline,Gillig_102,Passenger
06:44:16,24256000,0,0,Route16_trip152040020_06:41:00,6,Euro4,Gasoline,Gillig_102,Passenger
06:44:17,24257000,0,0,Route16_trip152040020_06:41:00,6,Euro4,Gasoline,Gillig_102,Passenger
06:44:18,24258000,0,0,Route16_trip152040020_06:41:00,6,Euro4,Gasoline,Gillig_102,Passenger
06:44:19,24259000,0,0,Route16_trip152040020_06:41:00,6,Euro4,Gasoline,Gillig_102,Passenger
06:44:20,24260000,0,0,Route16_trip152040020_06:41:00,6,Euro4,Gasoline,Gillig_102,Passenger
06:44:21,24261000,0,0,Route16_trip152040020_06:41:00,6,Euro4,Gasoline,Gillig_102,Passenger
06:44:22,24262000,0,0,Route16_trip152040020_06:41:00,6,Euro4,Gasoline,Gillig_102,Passenger
06:44:23,24263000,0,0,Route16_trip152040020_06:41:00,6,Euro4,Gasoline,Gillig_102,Passenger
06:44:24,24264000,0,0,Route16_trip152040020_06:41:00,6,Euro4,Gasoline,Gillig_102,Passenger
06:44:25,24265000,0,0,Route16_trip152040020_06:41:00,6,Euro4,Gasoline,Gillig_102,Passenger
06:44:26,24266000,0,0,Route16_trip152040020_06:41:00,6,Euro4,Gasoline,Gillig_102,Passenger
06:44:27,24267000,0,0,Route16_trip152040020_06:41:00,6,Euro4,Gasoline,Gillig_102,Passenger
06:44:28,24268000,0,0,Route16_trip152040020_06:41:00,6,Euro4,Gasoline,Gillig_102,Passenger
06:44:29,24269000,0,0,Route16_trip152040020_06:41:00,6,Euro4,Gasoline,Gillig_102,Passenger
06:44:30,24270000,0,0,Route16_trip152040020_06:41:00,6,Euro4,Gasoline,Gillig_102,Passenger
06:44:31,24271000,0,0,Route16_trip152040020_06:41:00,6,Euro4,Gasoline,Gillig_102,Passenger
06:44:32,24272000,0,0,Route16_trip152040020_06:41:00,6,Euro4,Gasoline,Gillig_102,Passenger
06:44:33,24273000,0,0,Route16_trip152040020_06:41:00,6,Euro4,Gasoline,Gillig_102,Passenger
06:44:34,24274000,0,0,Route16_trip152040020_06:41:00,6,Euro4,Gasoline,Gillig_102,Passenger
06:44:35,24275000,0,0,Route16_trip152040020_06:41:00,6,Euro4,Gasoline,Gillig_102,Passenger
06:44:36,24276000,0,0,Route16_trip152040020_06:41:00,6,Euro4,Gasoline,Gillig_102,Passenger
06:44:37,24277000,0,0,Route16_trip152040020_06:41:00,6,Euro4,Gasoline,Gillig_102,Passenger
06:44:38,24278000,0,0,Route16_trip152040020_06:41:00,6,Euro4,Gasoline,Gillig_102,Passenger
06:44:39,24279000,0,0,Route16_trip152040020_06:41:00,6,Euro4,Gasoline,Gillig_102,Passenger
06:44:40,24280000,0,0,Route16_trip152040020_06:41:00,6,Euro4,Gasoline,Gillig_102,Passenger
06:44:41,24281000,0,0,Route16_trip152040020_06:41:00,6,Euro4,Gasoline,Gillig_102,Passenger
06:44:42,24282000,0,0,Route16_trip152040020_06:41:00,6,Euro4,Gasoline,Gillig_102,Passenger
06:44:43,24283000,0,0,Route16_trip152040020_06:41:00,6,Euro4,Gasoline,Gillig_102,Passenger
06:44:44,24284000,0,0,Route16_trip152040020_06:41:00,6,Euro4,Gasoline,Gillig_102,Passenger
06:44:45,24285000,0,0,Route16_trip152040020_06:41:00,6,Euro4,Gasoline,Gillig_102,Passenger
06:44:46,24286000,0,0,Route16_trip152040020_06:41:00,6,Euro4,Gasoline,Gillig_102,Passenger
06:44:47,24287000,0,0,Route16_trip152040020_06:41:00,6,Euro4,Gasoline,Gillig_102,Passenger
06:44:48,24288000,0,0,Route16_trip152040020_06:41:00,6,Euro4,Gasoline,Gillig_102,Passenger
06:44:49,24289000,0,0,Route16_trip152040020_06:41:00,6,Euro4,Gasoline,Gillig_102,Passenger
06:44:50,24290000,0,0,Route16_trip152040020_06:41:00,6,Euro4,Gasoline,Gillig_102,Passenger
06:44:51,24291000,0,0,Route16_trip152040020_06:41:00,6,Euro4,Gasoline,Gillig_102,Passenger
06:44:52,24292000,0,0,Route16_trip152040020_06:41:00,6,Euro4,Gasoline,Gillig_102,Passenger
06:44:53,24293000,0,0,Route16_trip152040020_06:41:00,6,Euro4,Gasoline,Gillig_102,Passenger
06:44:54,24294000,0,0,Route16_trip152040020_06:41:00,6,Euro4,Gasoline,Gillig_102,Passenger
06:44:55,24295000,0,0,Route16_trip152040020_06:41:00,6,Euro4,Gasoline,Gillig_102,Passenger
06:44:56,24296000,0,0,Route16_trip152040020_06:41:00,6,Euro4,Gasoline,Gillig_102,Passenger
06:44:57,24297000,0,0,Route16_trip152040020_06:41:00,6,Euro4,Gasoline,Gillig_102,Passenger
06:44:58,24298000,0,0,Route16_trip152040020_06:41:00,6,Euro4,Gasoline,Gillig_102,Passenger
06:44:59,24299000,0,0,Route16_trip152040020_06:41:00,6,Euro4,Gasoline,Gillig_102,Passenger
06:45:00,24300000,0,0,Route16_trip152040020_06:41:00,6,Euro4,Gasoline,Gillig_102,Passenger
06:45:01,24301000,0,0,Route16_trip152040020_06:41:00,6,Euro4,Gasoline,Gillig_102,Passenger
06:45:02,24302000,0,0,Route16_trip152040020_06:41:00,6,Euro4,Gasoline,Gillig_102,Passenger
06:45:03,24303000,0,0,Route16_trip152040020_06:41:00,6,Euro4,Gasoline,Gillig_102,Passenger
06:45:04,24304000,0,0,Route16_trip152040020_06:41:00,6,Euro4,Gasoline,Gillig_102,Passenger
06:45:05,24305000,0,0,Route16_trip152040020_06:41:00,6,Euro4,Gasoline,Gillig_102,Passenger
06:45:06,24306000,0,0,Route16_trip152040020_06:41:00,6,Euro4,Gasoline,Gillig_102,Passenger
06:45:07,24307000,0,0,Route16_trip152040020_06:41:00,6,Euro4,Gasoline,Gillig_102,Passenger
06:45:08,24308000,0,0,Route16_trip152040020_06:41:00,6,Euro4,Gasoline,Gillig_102,Passenger
06:45:09,24309000,0,0,Route16_trip152040020_06:41:00,6,Euro4,Gasoline,Gillig_102,Passenger
06:45:10,24310000,0,0,Route16_trip152040020_06:41:00,6,Euro4,Gasoline,Gillig_102,Passenger
06:45:11,24311000,0,0,Route16_trip152040020_06:41:00,6,Euro4,Gasoline,Gillig_102,Passenger
06:45:12,24312000,0,0,Route16_trip152040020_06:41:00,6,Euro4,Gasoline,Gillig_102,Passenger
06:45:13,24313000,0,0,Route16_trip152040020_06:41:00,6,Euro4,Gasoline,Gillig_102,Passenger
06:45:14,24314000,0,0,Route16_trip152040020_06:41:00,6,Euro4,Gasoline,Gillig_102,Passenger
06:45:15,24315000,0,0,Route16_trip152040020_06:41:00,6,Euro4,Gasoline,Gillig_102,Passenger
06:45:16,24316000,0,0,Route16_trip152040020_06:41:00,6,Euro4,Gasoline,Gillig_102,Passenger
06:45:17,24317000,0,0,Route16_trip152040020_06:41:00,6,Euro4,Gasoline,Gillig_102,Passenger
06:45:18,24318000,0,0,Route16_trip152040020_06:41:00,6,Euro4,Gasoline,Gillig_102,Passenger
06:45:19,24319000,0,0,Route16_trip152040020_06:41:00,6,Euro4,Gasoline,Gillig_102,Passenger
06:45:20,24320000,0,0,Route16_trip152040020_06:41:00,6,Euro4,Gasoline,Gillig_102,Passenger
06:45:21,24321000,0,0,Route16_trip152040020_06:41:00,6,Euro4,Gasoline,Gillig_102,Passenger
06:45:22,24322000,0,0,Route16_trip152040020_06:41:00,6,Euro4,Gasoline,Gillig_102,Passenger
06:45:23,24323000,0,0,Route16_trip152040020_06:41:00,6,Euro4,Gasoline,Gillig_102,Passenger
06:45:24,24324000,0,0,Route16_trip152040020_06:41:00,6,Euro4,Gasoline,Gillig_102,Passenger
06:45:25,24325000,0,0,Route16_trip152040020_06:41:00,6,Euro4,Gasoline,Gillig_102,Passenger
06:45:26,24326000,0,0,Route16_trip152040020_06:41:00,6,Euro4,Gasoline,Gillig_102,Passenger
06:45:27,24327000,0,0,Route16_trip152040020_06:41:00,6,Euro4,Gasoline,Gillig_102,Passenger
06:45:28,24328000,0,0,Route16_trip152040020_06:41:00,6,Euro4,Gasoline,Gillig_102,Passenger
06:45:29,24329000,0,0,Route16_trip152040020_06:41:00,6,Euro4,Gasoline,Gillig_102,Passenger
06:45:30,24330000,0,0,Route16_trip152040020_06:41:00,6,Euro4,Gasoline,Gillig_102,Passenger
06:45:31,24331000,0,0,Route16_trip152040020_06:41:00,6,Euro4,Gasoline,Gillig_102,Passenger
06:45:32,24332000,0,0,Route16_trip152040020_06:41:00,6,Euro4,Gasoline,Gillig_102,Passenger
06:45:33,24333000,0,0,Route16_trip152040020_06:41:00,6,Euro4,Gasoline,Gillig_102,Passenger
06:45:34,24334000,0,0,Route16_trip152040020_06:41:00,6,Euro4,Gasoline,Gillig_102,Passenger
06:45:35,24335000,0,0,Route16_trip152040020_06:41:00,6,Euro4,Gasoline,Gillig_102,Passenger
06:45:36,24336000,0,0,Route16_trip152040020_06:41:00,6,Euro4,Gasoline,Gillig_102,Passenger
06:45:37,24337000,0,0,Route16_trip152040020_06:41:00,6,Euro4,Gasoline,Gillig_102,Passenger
06:45:38,24338000,0,0,Route16_trip152040020_06:41:00,6,Euro4,Gasoline,Gillig_102,Passenger
06:45:39,24339000,0,0,Route16_trip152040020_06:41:00,6,Euro4,Gasoline,Gillig_102,Passenger
06:45:40,24340000,0,0,Route16_trip152040020_06:41:00,6,Euro4,Gasoline,Gillig_102,Passenger
06:45:41,24341000,0,0,Route16_trip152040020_06:41:00,6,Euro4,Gasoline,Gillig_102,Passenger
06:45:42,24342000,0,0,Route16_trip152040020_06:41:00,6,Euro4,Gasoline,Gillig_102,Passenger
06:45:43,24343000,0,0,Route16_trip152040020_06:41:00,6,Euro4,Gasoline,Gillig_102,Passenger
06:45:44,24344000,0,0,Route16_trip152040020_06:41:00,6,Euro4,Gasoline,Gillig_102,Passenger
06:45:45,24345000,0,0,Route16_trip152040020_06:41:00,6,Euro4,Gasoline,Gillig_102,Passenger
06:45:46,24346000,0,0,Route16_trip152040020_06:41:00,6,Euro4,Gasoline,Gillig_102,Passenger
06:45:47,24347000,0,0,Route16_trip152040020_06:41:00,6,Euro4,Gasoline,Gillig_102,Passenger
06:45:48,24348000,0,0,Route16_trip152040020_06:41:00,6,Euro4,Gasoline,Gillig_102,Passenger
06:45:49,24349000,0,0,Route16_trip152040020_06:41:00,6,Euro4,Gasoline,Gillig_102,Passenger
06:45:50,24350000,0,0,Route16_trip152040020_06:41:00,6,Euro4,Gasoline,Gillig_102,Passenger
06:45:51,24351000,0,0,Route16_trip152040020_06:41:00,6,Euro4,Gasoline,Gillig_102,Passenger
06:45:52,24352000,0,0,Route16_trip152040020_06:41:00,6,Euro4,Gasoline,Gillig_102,Passenger
06:45:53,24353000,0,0,Route16_trip152040020_06:41:00,6,Euro4,Gasoline,Gillig_102,Passenger
06:45:54,24354000,0,0,Route16_trip152040020_06:41:00,6,Euro4,Gasoline,Gillig_102,Passenger
06:45:55,24355000,0,0,Route16_trip152040020_06:41:00,6,Euro4,Gasoline,Gillig_102,Passenger
06:45:56,24356000,0,0,Route16_trip152040020_06:41:00,6,Euro4,Gasoline,Gillig_102,Passenger
06:45:57,24357000,0,0,Route16_trip152040020_06:41:00,6,Euro4,Gasoline,Gillig_102,Passenger
06:45:58,24358000,0,0,Route16_trip152040020_06:41:00,6,Euro4,Gasoline,Gillig_102,Passenger
06:45:59,24359000,0,0,Route16_trip152040020_06:41:00,6,Euro4,Gasoline,Gillig_102,Passenger
06:46:00,24360000,0,0,Route16_trip152040020_06:41:00,6,Euro4,Gasoline,Gillig_102,Passenger
06:46:01,24361000,0,0,Route16_trip152040020_06:41:00,6,Euro4,Gasoline,Gillig_102,Passenger
06:46:02,24362000,0,0,Route16_trip152040020_06:41:00,6,Euro4,Gasoline,Gillig_102,Passenger
06:46:03,24363000,0,0,Route16_trip152040020_06:41:00,6,Euro4,Gasoline,Gillig_102,Passenger
06:46:04,24364000,0,0,Route16_trip152040020_06:41:00,6,Euro4,Gasoline,Gillig_102,Passenger
06:46:05,24365000,0,0,Route16_trip152040020_06:41:00,6,Euro4,Gasoline,Gillig_102,Passenger
06:46:06,24366000,0,0,Route16_trip152040020_06:41:00,6,Euro4,Gasoline,Gillig_102,Passenger
06:46:07,24367000,0,0,Route16_trip152040020_06:41:00,6,Euro4,Gasoline,Gillig_102,Passenger
06:46:08,24368000,0,0,Route16_trip152040020_06:41:00,6,Euro4,Gasoline,Gillig_102,Passenger
06:46:09,24369000,0,0,Route16_trip152040020_06:41:00,6,Euro4,Gasoline,Gillig_102,Passenger
06:46:10,24370000,0,0,Route16_trip152040020_06:41:00,6,Euro4,Gasoline,Gillig_102,Passenger
06:46:11,24371000,0,0,Route16_trip152040020_06:41:00,6,Euro4,Gasoline,Gillig_102,Passenger
06:46:12,24372000,0,0,Route16_trip152040020_06:41:00,6,Euro4,Gasoline,Gillig_102,Passenger
06:46:13,24373000,0,0,Route16_trip152040020_06:41:00,6,Euro4,Gasoline,Gillig_102,Passenger
06:46:14,24374000,0,0,Route16_trip152040020_06:41:00,6,Euro4,Gasoline,Gillig_102,Passenger
06:46:15,24375000,0,0,Route16_trip152040020_06:41:00,6,Euro4,Gasoline,Gillig_102,Passenger
06:46:16,24376000,0,0,Route16_trip152040020_06:41:00,6,Euro4,Gasoline,Gillig_102,Passenger
06:46:17,24377000,0,0,Route16_trip152040020_06:41:00,6,Euro4,Gasoline,Gillig_102,Passenger
06:46:18,24378000,0,0,Route16_trip152040020_06:41:00,6,Euro4,Gasoline,Gillig_102,Passenger
06:46:19,24379000,0,0,Route16_trip152040020_06:41:00,6,Euro4,Gasoline,Gillig_102,Passenger
06:46:20,24380000,0,0,Route16_trip152040020_06:41:00,6,Euro4,Gasoline,Gillig_102,Passenger
06:46:21,24381000,0,0,Route16_trip152040020_06:41:00,6,Euro4,Gasoline,Gillig_102,Passenger
06:46:22,24382000,0,0,Route16_trip152040020_06:41:00,6,Euro4,Gasoline,Gillig_102,Passenger
06:46:23,24383000,0,0,Route16_trip152040020_06:41:00,6,Euro4,Gasoline,Gillig_102,Passenger
06:46:24,24384000,0,0,Route16_trip152040020_06:41:00,6,Euro4,Gasoline,Gillig_102,Passenger
06:46:25,24385000,0,0,Route16_trip152040020_06:41:00,6,Euro4,Gasoline,Gillig_102,Passenger
06:46:26,24386000,0,0,Route16_trip152040020_06:41:00,6,Euro4,Gasoline,Gillig_102,Passenger
06:46:27,24387000,0,0,Route16_trip152040020_06:41:00,6,Euro4,Gasoline,Gillig_102,Passenger
06:46:28,24388000,0,0,Route16_trip152040020_06:41:00,6,Euro4,Gasoline,Gillig_102,Passenger
06:46:29,24389000,0,0,Route16_trip152040020_06:41:00,6,Euro4,Gasoline,Gillig_102,Passenger
06:46:30,24390000,0,0,Route16_trip152040020_06:41:00,6,Euro4,Gasoline,Gillig_102,Passenger
06:46:31,24391000,0,0,Route16_trip152040020_06:41:00,6,Euro4,Gasoline,Gillig_102,Passenger
06:46:32,24392000,0,0,Route16_trip152040020_06:41:00,6,Euro4,Gasoline,Gillig_102,Passenger
06:46:33,24393000,0,0,Route16_trip152040020_06:41:00,6,Euro4,Gasoline,Gillig_102,Passenger
06:46:34,24394000,0,0,Route16_trip152040020_06:41:00,6,Euro4,Gasoline,Gillig_102,Passenger
06:46:35,24395000,0,0,Route16_trip152040020_06:41:00,6,Euro4,Gasoline,Gillig_102,Passenger
06:46:36,24396000,0,0,Route16_trip152040020_06:41:00,6,Euro4,Gasoline,Gillig_102,Passenger
06:46:37,24397000,0,0,Route16_trip152040020_06:41:00,6,Euro4,Gasoline,Gillig_102,Passenger
06:46:38,24398000,0,0,Route16_trip152040020_06:41:00,6,Euro4,Gasoline,Gillig_102,Passenger
06:46:39,24399000,0,0,Route16_trip152040020_06:41:00,6,Euro4,Gasoline,Gillig_102,Passenger
06:46:40,24400000,0,0,Route16_trip152040020_06:41:00,6,Euro4,Gasoline,Gillig_102,Passenger
06:46:41,24401000,0,0,Route16_trip152040020_06:41:00,6,Euro4,Gasoline,Gillig_102,Passenger
06:46:42,24402000,86,856,Route16_trip152040020_06:41:00,6,Euro4,Gasoline,Gillig_102,Passenger
06:46:43,24403000,154,684,Route16_trip152040020_06:41:00,6,Euro4,Gasoline,Gillig_102,Passenger
06:46:44,24404000,283,1290,Route16_trip152040020_06:41:00,6,Euro4,Gasoline,Gillig_102,Passenger
06:46:45,24405000,380,969,Route16_trip152040020_06:41:00,6,Euro4,Gasoline,Gillig_102,Passenger
06:46:46,24406000,472,923,Route16_trip152040020_06:41:00,6,Euro4,Gasoline,Gillig_102,Passenger
06:46:47,24407000,585,1129,Route16_trip152040020_06:41:00,6,Euro4,Gasoline,Gillig_102,Passenger
06:46:48,24408000,679,942,Route16_trip152040020_06:41:00,6,Euro4,Gasoline,Gillig_102,Passenger
06:46:49,24409000,787,1080,Route16_trip152040020_06:41:00,6,Euro4,Gasoline,Gillig_102,Passenger
06:46:50,24410000,896,1087,Route16_trip152040020_06:41:00,6,Euro4,Gasoline,Gillig_102,Passenger
06:46:51,24411000,996,997,Route16_trip152040020_06:41:00,6,Euro4,Gasoline,Gillig_102,Passenger
06:46:52,24412000,1118,1220,Route16_trip152040020_06:41:00,6,Euro4,Gasoline,Gillig_102,Passenger
06:46:53,24413000,1243,1252,Route16_trip152040020_06:41:00,6,Euro4,Gasoline,Gillig_102,Passenger
06:46:54,24414000,1358,1149,Route16_trip152040020_06:41:00,6,Euro4,Gasoline,Gillig_102,Passenger
06:46:55,24415000,1472,1139,Route16_trip152040020_06:41:00,6,Euro4,Gasoline,Gillig_102,Passenger
06:46:56,24416000,1574,1026,Route16_trip152040020_06:41:00,6,Euro4,Gasoline,Gillig_102,Passenger
06:46:57,24417000,1456,-1180,Route16_trip152040020_06:41:00,6,Euro4,Gasoline,Gillig_102,Passenger
06:46:58,24418000,1156,-3003,Route16_trip152040020_06:41:00,6,Euro4,Gasoline,Gillig_102,Passenger
06:46:59,24419000,882,-2733,Route16_trip152040020_06:41:00,6,Euro4,Gasoline,Gillig_102,Passenger
06:47:00,24420000,625,-2576,Route16_trip152040020_06:41:00,6,Euro4,Gasoline,Gillig_102,Passenger
06:47:01,24421000,277,-3479,Route16_trip152040020_06:41:00,6,Euro4,Gasoline,Gillig_102,Passenger
06:47:02,24422000,222,-542,Route16_trip152040020_06:41:00,6,Euro4,Gasoline,Gillig_102,Passenger
06:47:03,24423000,37,-1856,Route16_trip152040020_06:41:00,6,Euro4,Gasoline,Gillig_102,Passenger
06:47:04,24424000,41,46,Route16_trip152040020_06:41:00,6,Euro4,Gasoline,Gillig_102,Passenger
06:47:05,24425000,27,-142,Route16_trip152040020_06:41:00,6,Euro4,Gasoline,Gillig_102,Passenger
06:47:06,24426000,37,104,Route16_trip152040020_06:41:00,6,Euro4,Gasoline,Gillig_102,Passenger
06:47:07,24427000,42,47,Route16_trip152040020_06:41:00,6,Euro4,Gasoline,Gillig_102,Passenger
06:47:08,24428000,13,-291,Route16_trip152040020_06:41:00,6,Euro4,Gasoline,Gillig_102,Passenger
06:47:09,24429000,20,76,Route16_trip152040020_06:41:00,6,Euro4,Gasoline,Gillig_102,Passenger
06:47:10,24430000,15,-49,Route16_trip152040020_06:41:00,6,Euro4,Gasoline,Gillig_102,Passenger
06:47:11,24431000,9,-64,Route16_trip152040020_06:41:00,6,Euro4,Gasoline,Gillig_102,Passenger
06:47:12,24432000,26,169,Route16_trip152040020_06:41:00,6,Euro4,Gasoline,Gillig_102,Passenger
06:47:13,24433000,17,-87,Route16_trip152040020_06:41:00,6,Euro4,Gasoline,Gillig_102,Passenger
06:47:14,24434000,9,-75,Route16_trip152040020_06:41:00,6,Euro4,Gasoline,Gillig_102,Passenger
06:47:15,24435000,12,29,Route16_trip152040020_06:41:00,6,Euro4,Gasoline,Gillig_102,Passenger
06:47:16,24436000,9,-36,Route16_trip152040020_06:41:00,6,Euro4,Gasoline,Gillig_102,Passenger
06:47:17,24437000,11,24,Route16_trip152040020_06:41:00,6,Euro4,Gasoline,Gillig_102,Passenger
06:47:18,24438000,10,-8,Route16_trip152040020_06:41:00,6,Euro4,Gasoline,Gillig_102,Passenger
06:47:19,24439000,5,-53,Route16_trip152040020_06:41:00,6,Euro4,Gasoline,Gillig_102,Passenger
06:47:20,24440000,4,-4,Route16_trip152040020_06:41:00,6,Euro4,Gasoline,Gillig_102,Passenger
06:47:21,24441000,7,25,Route16_trip152040020_06:41:00,6,Euro4,Gasoline,Gillig_102,Passenger
06:47:22,24442000,2,-44,Route16_trip152040020_06:41:00,6,Euro4,Gasoline,Gillig_102,Passenger
06:47:23,24443000,8,53,Route16_trip152040020_06:41:00,6,Euro4,Gasoline,Gillig_102,Passenger
06:47:24,24444000,11,36,Route16_trip152040020_06:41:00,6,Euro4,Gasoline,Gillig_102,Passenger
06:47:25,24445000,4,-75,Route16_trip152040020_06:41:00,6,Euro4,Gasoline,Gillig_102,Passenger
06:47:26,24446000,5,13,Route16_trip152040020_06:41:00,6,Euro4,Gasoline,Gillig_102,Passenger
06:47:27,24447000,14,87,Route16_trip152040020_06:41:00,6,Euro4,Gasoline,Gillig_102,Passenger
06:47:28,24448000,7,-60,Route16_trip152040020_06:41:00,6,Euro4,Gasoline,Gillig_102,Passenger
06:47:29,24449000,11,36,Route16_trip152040020_06:41:00,6,Euro4,Gasoline,Gillig_102,Passenger
06:47:30,24450000,19,75,Route16_trip152040020_06:41:00,6,Euro4,Gasoline,Gillig_102,Passenger
06:47:31,24451000,67,483,Route16_trip152040020_06:41:00,6,Euro4,Gasoline,Gillig_102,Passenger
06:47:32,24452000,67,-2,Route16_trip152040020_06:41:00,6,Euro4,Gasoline,Gillig_102,Passenger
06:47:33,24453000,100,338,Route16_trip152040020_06:41:00,6,Euro4,Gasoline,Gillig_102,Passenger
06:47:34,24454000,221,1204,Route16_trip152040020_06:41:00,6,Euro4,Gasoline,Gillig_102,Passenger
06:47:35,24455000,318,970,Route16_trip152040020_06:41:00,6,Euro4,Gasoline,Gillig_102,Passenger
06:47:36,24456000,394,766,Route16_trip152040020_06:41:00,6,Euro4,Gasoline,Gillig_102,Passenger
06:47:37,24457000,458,636,Route16_trip152040020_06:41:00,6,Euro4,Gasoline,Gillig_102,Passenger
06:47:38,24458000,522,636,Route16_trip152040020_06:41:00,6,Euro4,Gasoline,Gillig_102,Passenger
06:47:39,24459000,608,865,Route16_trip152040020_06:41:00,6,Euro4,Gasoline,Gillig_102,Passenger
06:47:40,24460000,694,858,Route16_trip152040020_06:41:00,6,Euro4,Gasoline,Gillig_102,Passenger
06:47:41,24461000,774,800,Route16_trip152040020_06:41:00,6,Euro4,Gasoline,Gillig_102,Passenger
06:47:42,24462000,840,660,Route16_trip152040020_06:41:00,6,Euro4,Gasoline,Gillig_102,Passenger
06:47:43,24463000,908,682,Route16_trip152040020_06:41:00,6,Euro4,Gasoline,Gillig_102,Passenger
06:47:44,24464000,1000,919,Route16_trip152040020_06:41:00,6,Euro4,Gasoline,Gillig_102,Passenger
06:47:45,24465000,1074,744,Route16_trip152040020_06:41:00,6,Euro4,Gasoline,Gillig_102,Passenger
06:47:46,24466000,1169,949,Route16_trip152040020_06:41:00,6,Euro4,Gasoline,Gillig_102,Passenger
06:47:47,24467000,1266,971,Route16_trip152040020_06:41:00,6,Euro4,Gasoline,Gillig_102,Passenger
06:47:48,24468000,1346,798,Route16_trip152040020_06:41:00,6,Euro4,Gasoline,Gillig_102,Passenger
06:47:49,24469000,1427,812,Route16_trip152040020_06:41:00,6,Euro4,Gasoline,Gillig_102,Passenger
06:47:50,24470000,1553,1256,Route16_trip152040020_06:41:00,6,Euro4,Gasoline,Gillig_102,Passenger
06:47:51,24471000,1642,893,Route16_trip152040020_06:41:00,6,Euro4,Gasoline,Gillig_102,Passenger
06:47:52,24472000,1615,-274,Route16_trip152040020_06:41:00,6,Euro4,Gasoline,Gillig_102,Passenger
06:47:53,24473000,1630,149,Route16_trip152040020_06:41:00,6,Euro4,Gasoline,Gillig_102,Passenger
06:47:54,24474000,1535,-946,Route16_trip152040020_06:41:00,6,Euro4,Gasoline,Gillig_102,Passenger
06:47:55,24475000,1583,473,Route16_trip152040020_06:41:00,6,Euro4,Gasoline,Gillig_102,Passenger
06:47:56,24476000,1358,-2242,Route16_trip152040020_06:41:00,6,Euro4,Gasoline,Gillig_102,Passenger
06:47:57,24477000,1393,346,Route16_trip152040020_06:41:00,6,Euro4,Gasoline,Gillig_102,Passenger
06:47:58,24478000,1260,-1329,Route16_trip152040020_06:41:00,6,Euro4,Gasoline,Gillig_102,Passenger
06:47:59,24479000,1092,-1682,Route16_trip152040020_06:41:00,6,Euro4,Gasoline,Gillig_102,Passenger
06:48:00,24480000,950,-1419,Route16_trip152040020_06:41:00,6,Euro4,Gasoline,Gillig_102,Passenger
06:48:01,24481000,595,-3546,Route16_trip152040020_06:41:00,6,Euro4,Gasoline,Gillig_102,Passenger
06:48:02,24482000,462,-1327,Route16_trip152040020_06:41:00,6,Euro4,Gasoline,Gillig_102,Passenger
06:48:03,24483000,155,-3073,Route16_trip152040020_06:41:00,6,Euro4,Gasoline,Gillig_102,Passenger
06:48:04,24484000,23,-1316,Route16_trip152040020_06:41:00,6,Euro4,Gasoline,Gillig_102,Passenger
06:48:05,24485000,29,63,Route16_trip152040020_06:41:00,6,Euro4,Gasoline,Gillig_102,Passenger
06:48:06,24486000,70,403,Route16_trip152040020_06:41:00,6,Euro4,Gasoline,Gillig_102,Passenger
06:48:07,24487000,6,-632,Route16_trip152040020_06:41:00,6,Euro4,Gasoline,Gillig_102,Passenger
06:48:08,24488000,115,1083,Route16_trip152040020_06:41:00,6,Euro4,Gasoline,Gillig_102,Passenger
06:48:09,24489000,192,778,Route16_trip152040020_06:41:00,6,Euro4,Gasoline,Gillig_102,Passenger
06:48:10,24490000,302,1097,Route16_trip152040020_06:41:00,6,Euro4,Gasoline,Gillig_102,Passenger
06:48:11,24491000,398,959,Route16_trip152040020_06:41:00,6,Euro4,Gasoline,Gillig_102,Passenger
06:48:12,24492000,519,1205,Route16_trip152040020_06:41:00,6,Euro4,Gasoline,Gillig_102,Passenger
06:48:13,24493000,603,845,Route16_trip152040020_06:41:00,6,Euro4,Gasoline,Gillig_102,Passenger
06:48:14,24494000,684,807,Route16_trip152040020_06:41:00,6,Euro4,Gasoline,Gillig_102,Passenger
06:48:15,24495000,660,-232,Route16_trip152040020_06:41:00,6,Euro4,Gasoline,Gillig_102,Passenger
06:48:16,24496000,582,-786,Route16_trip152040020_06:41:00,6,Euro4,Gasoline,Gillig_102,Passenger
06:48:17,24497000,658,767,Route16_trip152040020_06:41:00,6,Euro4,Gasoline,Gillig_102,Passenger
06:48:18,24498000,751,927,Route16_trip152040020_06:41:00,6,Euro4,Gasoline,Gillig_102,Passenger
06:48:19,24499000,834,828,Route16_trip152040020_06:41:00,6,Euro4,Gasoline,Gillig_102,Passenger
06:48:20,24500000,948,1145,Route16_trip152040020_06:41:00,6,Euro4,Gasoline,Gillig_102,Passenger
06:48:21,24501000,1039,905,Route16_trip152040020_06:41:00,6,Euro4,Gasoline,Gillig_102,Passenger
06:48:22,24502000,1129,900,Route16_trip152040020_06:41:00,6,Euro4,Gasoline,Gillig_102,Passenger
06:48:23,24503000,1217,875,Route16_trip152040020_06:41:00,6,Euro4,Gasoline,Gillig_102,Passenger
06:48:24,24504000,1314,974,Route16_trip152040020_06:41:00,6,Euro4,Gasoline,Gillig_102,Passenger
06:48:25,24505000,1443,1295,Route16_trip152040020_06:41:00,6,Euro4,Gasoline,Gillig_102,Passenger
06:48:26,24506000,1514,710,Route16_trip152040020_06:41:00,6,Euro4,Gasoline,Gillig_102,Passenger
06:48:27,24507000,1581,664,Route16_trip152040020_06:41:00,6,Euro4,Gasoline,Gillig_102,Passenger
06:48:28,24508000,1600,194,Route16_trip152040020_06:41:00,6,Euro4,Gasoline,Gillig_102,Passenger
06:48:29,24509000,1599,-11,Route16_trip152040020_06:41:00,6,Euro4,Gasoline,Gillig_102,Passenger
06:48:30,24510000,1322,-2769,Route16_trip152040020_06:41:00,6,Euro4,Gasoline,Gillig_102,Passenger
06:48:31,24511000,1015,-3073,Route16_trip152040020_06:41:00,6,Euro4,Gasoline,Gillig_102,Passenger
06:48:32,24512000,902,-1123,Route16_trip152040020_06:41:00,6,Euro4,Gasoline,Gillig_102,Passenger
06:48:33,24513000,914,120,Route16_trip152040020_06:41:00,6,Euro4,Gasoline,Gillig_102,Passenger
06:48:34,24514000,864,-503,Route16_trip152040020_06:41:00,6,Euro4,Gasoline,Gillig_102,Passenger
06:48:35,24515000,937,729,Route16_trip152040020_06:41:00,6,Euro4,Gasoline,Gillig_102,Passenger
06:48:36,24516000,1059,1220,Route16_trip152040020_06:41:00,6,Euro4,Gasoline,Gillig_102,Passenger
06:48:37,24517000,1160,1010,Route16_trip152040020_06:41:00,6,Euro4,Gasoline,Gillig_102,Passenger
06:48:38,24518000,1239,792,Route16_trip152040020_06:41:00,6,Euro4,Gasoline,Gillig_102,Passenger
06:48:39,24519000,1305,661,Route16_trip152040020_06:41:00,6,Euro4,Gasoline,Gillig_102,Passenger
06:48:40,24520000,1409,1034,Route16_trip152040020_06:41:00,6,Euro4,Gasoline,Gillig_102,Passenger
06:48:41,24521000,1514,1058,Route16_trip152040020_06:41:00,6,Euro4,Gasoline,Gillig_102,Passenger
06:48:42,24522000,1624,1100,Route16_trip152040020_06:41:00,6,Euro4,Gasoline,Gillig_102,Passenger
06:48:43,24523000,1745,1202,Route16_trip152040020_06:41:00,6,Euro4,Gasoline,Gillig_102,Passenger
06:48:44,24524000,1827,826,Route16_trip152040020_06:41:00,6,Euro4,Gasoline,Gillig_102,Passenger
06:48:45,24525000,1895,683,Route16_trip152040020_06:41:00,6,Euro4,Gasoline,Gillig_102,Passenger
06:48:46,24526000,2014,1187,Route16_trip152040020_06:41:00,6,Euro4,Gasoline,Gillig_102,Passenger
06:48:47,24527000,2090,756,Route16_trip152040020_06:41:00,6,Euro4,Gasoline,Gillig_102,Passenger
06:48:48,24528000,2163,737,Route16_trip152040020_06:41:00,6,Euro4,Gasoline,Gillig_102,Passenger
06:48:49,24529000,2173,90,Route16_trip152040020_06:41:00,6,Euro4,Gasoline,Gillig_102,Passenger
06:48:50,24530000,2136,-362,Route16_trip152040020_06:41:00,6,Euro4,Gasoline,Gillig_102,Passenger
06:48:51,24531000,2144,78,Route16_trip152040020_06:41:00,6,Euro4,Gasoline,Gillig_102,Passenger
06:48:52,24532000,2181,365,Route16_trip152040020_06:41:00,6,Euro4,Gasoline,Gillig_102,Passenger
06:48:53,24533000,2150,-299,Route16_trip152040020_06:41:00,6,Euro4,Gasoline,Gillig_102,Passenger
06:48:54,24534000,2127,-230,Route16_trip152040020_06:41:00,6,Euro4,Gasoline,Gillig_102,Passenger
06:48:55,24535000,2134,70,Route16_trip152040020_06:41:00,6,Euro4,Gasoline,Gillig_102,Passenger
06:48:56,24536000,2176,419,Route16_trip152040020_06:41:00,6,Euro4,Gasoline,Gillig_102,Passenger
06:48:57,24537000,2153,-230,Route16_trip152040020_06:41:00,6,Euro4,Gasoline,Gillig_102,Passenger
06:48:58,24538000,2153,-3,Route16_trip152040020_06:41:00,6,Euro4,Gasoline,Gillig_102,Passenger
06:48:59,24539000,2163,101,Route16_trip152040020_06:41:00,6,Euro4,Gasoline,Gillig_102,Passenger
06:49:00,24540000,1927,-2353,Route16_trip152040020_06:41:00,6,Euro4,Gasoline,Gillig_102,Passenger
06:49:01,24541000,1517,-4099,Route16_trip152040020_06:41:00,6,Euro4,Gasoline,Gillig_102,Passenger
06:49:02,24542000,1107,-4099,Route16_trip152040020_06:41:00,6,Euro4,Gasoline,Gillig_102,Passenger
06:49:03,24543000,697,-4099,Route16_trip152040020_06:41:00,6,Euro4,Gasoline,Gillig_102,Passenger
06:49:04,24544000,313,-3842,Route16_trip152040020_06:41:00,6,Euro4,Gasoline,Gillig_102,Passenger
06:49:05,24545000,20,-2928,Route16_trip152040020_06:41:00,6,Euro4,Gasoline,Gillig_102,Passenger
06:49:06,24546000,6,-143,Route16_trip152040020_06:41:00,6,Euro4,Gasoline,Gillig_102,Passenger
06:49:07,24547000,2,-42,Route16_trip152040020_06:41:00,6,Euro4,Gasoline,Gillig_102,Passenger
06:49:08,24548000,1,-6,Route16_trip152040020_06:41:00,6,Euro4,Gasoline,Gillig_102,Passenger
06:49:09,24549000,0,-3,Route16_trip152040020_06:41:00,6,Euro4,Gasoline,Gillig_102,Passenger
06:49:10,24550000,0,-3,Route16_trip152040020_06:41:00,6,Euro4,Gasoline,Gillig_102,Passenger
06:49:11,24551000,0,0,Route16_trip152040020_06:41:00,6,Euro4,Gasoline,Gillig_102,Passenger
06:49:12,24552000,0,0,Route16_trip152040020_06:41:00,6,Euro4,Gasoline,Gillig_102,Passenger
06:49:13,24553000,0,0,Route16_trip152040020_06:41:00,6,Euro4,Gasoline,Gillig_102,Passenger
06:49:14,24554000,0,0,Route16_trip152040020_06:41:00,6,Euro4,Gasoline,Gillig_102,Passenger
06:49:15,24555000,0,0,Route16_trip152040020_06:41:00,6,Euro4,Gasoline,Gillig_102,Passenger
06:49:16,24556000,0,0,Route16_trip152040020_06:41:00,6,Euro4,Gasoline,Gillig_102,Passenger
06:49:17,24557000,0,0,Route16_trip152040020_06:41:00,6,Euro4,Gasoline,Gillig_102,Passenger
06:49:18,24558000,0,0,Route16_trip152040020_06:41:00,6,Euro4,Gasoline,Gillig_102,Passenger
06:49:19,24559000,0,0,Route16_trip152040020_06:41:00,6,Euro4,Gasoline,Gillig_102,Passenger
06:49:20,24560000,0,0,Route16_trip152040020_06:41:00,6,Euro4,Gasoline,Gillig_102,Passenger
06:49:21,24561000,0,0,Route16_trip152040020_06:41:00,6,Euro4,Gasoline,Gillig_102,Passenger
06:49:22,24562000,0,0,Route16_trip152040020_06:41:00,6,Euro4,Gasoline,Gillig_102,Passenger
06:49:23,24563000,0,0,Route16_trip152040020_06:41:00,6,Euro4,Gasoline,Gillig_102,Passenger
06:49:24,24564000,0,0,Route16_trip152040020_06:41:00,6,Euro4,Gasoline,Gillig_102,Passenger
06:49:25,24565000,0,0,Route16_trip152040020_06:41:00,6,Euro4,Gasoline,Gillig_102,Passenger
06:49:26,24566000,0,0,Route16_trip152040020_06:41:00,6,Euro4,Gasoline,Gillig_102,Passenger
06:49:27,24567000,0,0,Route16_trip152040020_06:41:00,6,Euro4,Gasoline,Gillig_102,Passenger
06:49:28,24568000,0,0,Route16_trip152040020_06:41:00,6,Euro4,Gasoline,Gillig_102,Passenger
06:49:29,24569000,0,0,Route16_trip152040020_06:41:00,6,Euro4,Gasoline,Gillig_102,Passenger
06:49:30,24570000,0,0,Route16_trip152040020_06:41:00,6,Euro4,Gasoline,Gillig_102,Passenger
06:49:31,24571000,0,0,Route16_trip152040020_06:41:00,6,Euro4,Gasoline,Gillig_102,Passenger
06:49:32,24572000,0,0,Route16_trip152040020_06:41:00,6,Euro4,Gasoline,Gillig_102,Passenger
06:49:33,24573000,0,0,Route16_trip152040020_06:41:00,6,Euro4,Gasoline,Gillig_102,Passenger
06:49:34,24574000,0,0,Route16_trip152040020_06:41:00,6,Euro4,Gasoline,Gillig_102,Passenger
06:49:35,24575000,0,0,Route16_trip152040020_06:41:00,6,Euro4,Gasoline,Gillig_102,Passenger
06:49:36,24576000,0,0,Route16_trip152040020_06:41:00,6,Euro4,Gasoline,Gillig_102,Passenger
06:49:37,24577000,0,0,Route16_trip152040020_06:41:00,6,Euro4,Gasoline,Gillig_102,Passenger
06:49:38,24578000,0,0,Route16_trip152040020_06:41:00,6,Euro4,Gasoline,Gillig_102,Passenger
06:49:39,24579000,0,0,Route16_trip152040020_06:41:00,6,Euro4,Gasoline,Gillig_102,Passenger
06:49:40,24580000,0,0,Route16_trip152040020_06:41:00,6,Euro4,Gasoline,Gillig_102,Passenger
06:49:41,24581000,0,0,Route16_trip152040020_06:41:00,6,Euro4,Gasoline,Gillig_102,Passenger
06:49:42,24582000,0,0,Route16_trip152040020_06:41:00,6,Euro4,Gasoline,Gillig_102,Passenger
06:49:43,24583000,0,0,Route16_trip152040020_06:41:00,6,Euro4,Gasoline,Gillig_102,Passenger
06:49:44,24584000,0,0,Route16_trip152040020_06:41:00,6,Euro4,Gasoline,Gillig_102,Passenger
06:49:45,24585000,0,0,Route16_trip152040020_06:41:00,6,Euro4,Gasoline,Gillig_102,Passenger
06:49:46,24586000,0,0,Route16_trip152040020_06:41:00,6,Euro4,Gasoline,Gillig_102,Passenger
06:49:47,24587000,0,0,Route16_trip152040020_06:41:00,6,Euro4,Gasoline,Gillig_102,Passenger
06:49:48,24588000,0,0,Route16_trip152040020_06:41:00,6,Euro4,Gasoline,Gillig_102,Passenger
06:49:49,24589000,0,0,Route16_trip152040020_06:41:00,6,Euro4,Gasoline,Gillig_102,Passenger
06:49:50,24590000,0,0,Route16_trip152040020_06:41:00,6,Euro4,Gasoline,Gillig_102,Passenger
06:49:51,24591000,0,0,Route16_trip152040020_06:41:00,6,Euro4,Gasoline,Gillig_102,Passenger
06:49:52,24592000,0,0,Route16_trip152040020_06:41:00,6,Euro4,Gasoline,Gillig_102,Passenger
06:49:53,24593000,0,0,Route16_trip152040020_06:41:00,6,Euro4,Gasoline,Gillig_102,Passenger
06:49:54,24594000,0,0,Route16_trip152040020_06:41:00,6,Euro4,Gasoline,Gillig_102,Passenger
06:49:55,24595000,0,0,Route16_trip152040020_06:41:00,6,Euro4,Gasoline,Gillig_102,Passenger
06:49:56,24596000,0,0,Route16_trip152040020_06:41:00,6,Euro4,Gasoline,Gillig_102,Passenger
06:49:57,24597000,0,0,Route16_trip152040020_06:41:00,6,Euro4,Gasoline,Gillig_102,Passenger
06:49:58,24598000,0,0,Route16_trip152040020_06:41:00,6,Euro4,Gasoline,Gillig_102,Passenger
06:49:59,24599000,0,0,Route16_trip152040020_06:41:00,6,Euro4,Gasoline,Gillig_102,Passenger
06:50:00,24600000,0,0,Route16_trip152040020_06:41:00,6,Euro4,Gasoline,Gillig_102,Passenger
06:50:01,24601000,0,0,Route16_trip152040020_06:41:00,6,Euro4,Gasoline,Gillig_102,Passenger
06:50:02,24602000,0,0,Route16_trip152040020_06:41:00,6,Euro4,Gasoline,Gillig_102,Passenger
06:50:03,24603000,0,0,Route16_trip152040020_06:41:00,6,Euro4,Gasoline,Gillig_102,Passenger
06:50:04,24604000,0,0,Route16_trip152040020_06:41:00,6,Euro4,Gasoline,Gillig_102,Passenger
06:50:05,24605000,0,0,Route16_trip152040020_06:41:00,6,Euro4,Gasoline,Gillig_102,Passenger
06:50:06,24606000,0,0,Route16_trip152040020_06:41:00,6,Euro4,Gasoline,Gillig_102,Passenger
06:50:07,24607000,0,0,Route16_trip152040020_06:41:00,6,Euro4,Gasoline,Gillig_102,Passenger
06:50:08,24608000,0,0,Route16_trip152040020_06:41:00,6,Euro4,Gasoline,Gillig_102,Passenger
06:50:09,24609000,0,0,Route16_trip152040020_06:41:00,6,Euro4,Gasoline,Gillig_102,Passenger
06:50:10,24610000,0,0,Route16_trip152040020_06:41:00,6,Euro4,Gasoline,Gillig_102,Passenger
06:50:11,24611000,0,0,Route16_trip152040020_06:41:00,6,Euro4,Gasoline,Gillig_102,Passenger
06:50:12,24612000,0,0,Route16_trip152040020_06:41:00,6,Euro4,Gasoline,Gillig_102,Passenger
06:50:13,24613000,0,0,Route16_trip152040020_06:41:00,6,Euro4,Gasoline,Gillig_102,Passenger
06:50:14,24614000,0,0,Route16_trip152040020_06:41:00,6,Euro4,Gasoline,Gillig_102,Passenger
06:50:15,24615000,0,0,Route16_trip152040020_06:41:00,6,Euro4,Gasoline,Gillig_102,Passenger
06:50:16,24616000,0,0,Route16_trip152040020_06:41:00,6,Euro4,Gasoline,Gillig_102,Passenger
06:50:17,24617000,0,0,Route16_trip152040020_06:41:00,6,Euro4,Gasoline,Gillig_102,Passenger
06:50:18,24618000,0,0,Route16_trip152040020_06:41:00,6,Euro4,Gasoline,Gillig_102,Passenger
06:50:19,24619000,0,0,Route16_trip152040020_06:41:00,6,Euro4,Gasoline,Gillig_102,Passenger
06:50:20,24620000,0,0,Route16_trip152040020_06:41:00,6,Euro4,Gasoline,Gillig_102,Passenger
06:50:21,24621000,0,0,Route16_trip152040020_06:41:00,6,Euro4,Gasoline,Gillig_102,Passenger
06:50:22,24622000,0,0,Route16_trip152040020_06:41:00,6,Euro4,Gasoline,Gillig_102,Passenger
06:50:23,24623000,0,0,Route16_trip152040020_06:41:00,6,Euro4,Gasoline,Gillig_102,Passenger
06:50:24,24624000,0,0,Route16_trip152040020_06:41:00,6,Euro4,Gasoline,Gillig_102,Passenger
06:50:25,24625000,0,0,Route16_trip152040020_06:41:00,6,Euro4,Gasoline,Gillig_102,Passenger
06:50:26,24626000,0,0,Route16_trip152040020_06:41:00,6,Euro4,Gasoline,Gillig_102,Passenger
06:50:27,24627000,0,0,Route16_trip152040020_06:41:00,6,Euro4,Gasoline,Gillig_102,Passenger
06:50:28,24628000,0,0,Route16_trip152040020_06:41:00,6,Euro4,Gasoline,Gillig_102,Passenger
06:50:29,24629000,0,0,Route16_trip152040020_06:41:00,6,Euro4,Gasoline,Gillig_102,Passenger
06:50:30,24630000,0,0,Route16_trip152040020_06:41:00,6,Euro4,Gasoline,Gillig_102,Passenger
06:50:31,24631000,0,0,Route16_trip152040020_06:41:00,6,Euro4,Gasoline,Gillig_102,Passenger
06:50:32,24632000,0,0,Route16_trip152040020_06:41:00,6,Euro4,Gasoline,Gillig_102,Passenger
06:50:33,24633000,0,0,Route16_trip152040020_06:41:00,6,Euro4,Gasoline,Gillig_102,Passenger
06:50:34,24634000,0,0,Route16_trip152040020_06:41:00,6,Euro4,Gasoline,Gillig_102,Passenger
06:50:35,24635000,0,0,Route16_trip152040020_06:41:00,6,Euro4,Gasoline,Gillig_102,Passenger
06:50:36,24636000,0,0,Route16_trip152040020_06:41:00,6,Euro4,Gasoline,Gillig_102,Passenger
06:50:37,24637000,0,0,Route16_trip152040020_06:41:00,6,Euro4,Gasoline,Gillig_102,Passenger
06:50:38,24638000,0,0,Route16_trip152040020_06:41:00,6,Euro4,Gasoline,Gillig_102,Passenger
06:50:39,24639000,0,0,Route16_trip152040020_06:41:00,6,Euro4,Gasoline,Gillig_102,Passenger
06:50:40,24640000,0,0,Route16_trip152040020_06:41:00,6,Euro4,Gasoline,Gillig_102,Passenger
06:50:41,24641000,0,0,Route16_trip152040020_06:41:00,6,Euro4,Gasoline,Gillig_102,Passenger
06:50:42,24642000,0,0,Route16_trip152040020_06:41:00,6,Euro4,Gasoline,Gillig_102,Passenger
06:50:43,24643000,0,0,Route16_trip152040020_06:41:00,6,Euro4,Gasoline,Gillig_102,Passenger
06:50:44,24644000,0,0,Route16_trip152040020_06:41:00,6,Euro4,Gasoline,Gillig_102,Passenger
06:50:45,24645000,0,0,Route16_trip152040020_06:41:00,6,Euro4,Gasoline,Gillig_102,Passenger
06:50:46,24646000,0,0,Route16_trip152040020_06:41:00,6,Euro4,Gasoline,Gillig_102,Passenger
06:50:47,24647000,0,0,Route16_trip152040020_06:41:00,6,Euro4,Gasoline,Gillig_102,Passenger
06:50:48,24648000,0,0,Route16_trip152040020_06:41:00,6,Euro4,Gasoline,Gillig_102,Passenger
06:50:49,24649000,0,0,Route16_trip152040020_06:41:00,6,Euro4,Gasoline,Gillig_102,Passenger
06:50:50,24650000,0,0,Route16_trip152040020_06:41:00,6,Euro4,Gasoline,Gillig_102,Passenger
06:50:51,24651000,0,0,Route16_trip152040020_06:41:00,6,Euro4,Gasoline,Gillig_102,Passenger
06:50:52,24652000,0,0,Route16_trip152040020_06:41:00,6,Euro4,Gasoline,Gillig_102,Passenger
06:50:53,24653000,0,0,Route16_trip152040020_06:41:00,6,Euro4,Gasoline,Gillig_102,Passenger
06:50:54,24654000,0,0,Route16_trip152040020_06:41:00,6,Euro4,Gasoline,Gillig_102,Passenger
06:50:55,24655000,0,0,Route16_trip152040020_06:41:00,6,Euro4,Gasoline,Gillig_102,Passenger
06:50:56,24656000,0,0,Route16_trip152040020_06:41:00,6,Euro4,Gasoline,Gillig_102,Passenger
06:50:57,24657000,0,0,Route16_trip152040020_06:41:00,6,Euro4,Gasoline,Gillig_102,Passenger
06:50:58,24658000,0,0,Route16_trip152040020_06:41:00,6,Euro4,Gasoline,Gillig_102,Passenger
06:50:59,24659000,0,0,Route16_trip152040020_06:41:00,6,Euro4,Gasoline,Gillig_102,Passenger
06:51:00,24660000,0,0,Route16_trip152040020_06:41:00,6,Euro4,Gasoline,Gillig_102,Passenger
06:51:01,24661000,0,0,Route16_trip152040020_06:41:00,6,Euro4,Gasoline,Gillig_102,Passenger
06:51:02,24662000,0,0,Route16_trip152040020_06:41:00,6,Euro4,Gasoline,Gillig_102,Passenger
06:51:03,24663000,0,0,Route16_trip152040020_06:41:00,6,Euro4,Gasoline,Gillig_102,Passenger
06:51:04,24664000,0,0,Route16_trip152040020_06:41:00,6,Euro4,Gasoline,Gillig_102,Passenger
06:51:05,24665000,0,0,Route16_trip152040020_06:41:00,6,Euro4,Gasoline,Gillig_102,Passenger
06:51:06,24666000,0,0,Route16_trip152040020_06:41:00,6,Euro4,Gasoline,Gillig_102,Passenger
06:51:07,24667000,0,0,Route16_trip152040020_06:41:00,6,Euro4,Gasoline,Gillig_102,Passenger
06:51:08,24668000,0,0,Route16_trip152040020_06:41:00,6,Euro4,Gasoline,Gillig_102,Passenger
06:51:09,24669000,0,0,Route16_trip152040020_06:41:00,6,Euro4,Gasoline,Gillig_102,Passenger
06:51:10,24670000,0,0,Route16_trip152040020_06:41:00,6,Euro4,Gasoline,Gillig_102,Passenger
06:51:11,24671000,0,0,Route16_trip152040020_06:41:00,6,Euro4,Gasoline,Gillig_102,Passenger
06:51:12,24672000,0,0,Route16_trip152040020_06:41:00,6,Euro4,Gasoline,Gillig_102,Passenger
06:51:13,24673000,0,0,Route16_trip152040020_06:41:00,6,Euro4,Gasoline,Gillig_102,Passenger
06:51:14,24674000,0,0,Route16_trip152040020_06:41:00,6,Euro4,Gasoline,Gillig_102,Passenger
06:51:15,24675000,0,0,Route16_trip152040020_06:41:00,6,Euro4,Gasoline,Gillig_102,Passenger
06:51:16,24676000,0,0,Route16_trip152040020_06:41:00,6,Euro4,Gasoline,Gillig_102,Passenger
06:51:17,24677000,0,0,Route16_trip152040020_06:41:00,6,Euro4,Gasoline,Gillig_102,Passenger
06:51:18,24678000,0,0,Route16_trip152040020_06:41:00,6,Euro4,Gasoline,Gillig_102,Passenger
06:51:19,24679000,0,0,Route16_trip152040020_06:41:00,6,Euro4,Gasoline,Gillig_102,Passenger
06:51:20,24680000,0,0,Route16_trip152040020_06:41:00,6,Euro4,Gasoline,Gillig_102,Passenger
06:51:21,24681000,0,0,Route16_trip152040020_06:41:00,6,Euro4,Gasoline,Gillig_102,Passenger
06:51:22,24682000,0,0,Route16_trip152040020_06:41:00,6,Euro4,Gasoline,Gillig_102,Passenger
06:51:23,24683000,0,0,Route16_trip152040020_06:41:00,6,Euro4,Gasoline,Gillig_102,Passenger
06:51:24,24684000,0,0,Route16_trip152040020_06:41:00,6,Euro4,Gasoline,Gillig_102,Passenger
06:51:25,24685000,0,0,Route16_trip152040020_06:41:00,6,Euro4,Gasoline,Gillig_102,Passenger
06:51:26,24686000,0,0,Route16_trip152040020_06:41:00,6,Euro4,Gasoline,Gillig_102,Passenger
06:51:27,24687000,0,0,Route16_trip152040020_06:41:00,6,Euro4,Gasoline,Gillig_102,Passenger
06:51:28,24688000,0,0,Route16_trip152040020_06:41:00,6,Euro4,Gasoline,Gillig_102,Passenger
06:51:29,24689000,0,0,Route16_trip152040020_06:41:00,6,Euro4,Gasoline,Gillig_102,Passenger
06:51:30,24690000,0,0,Route16_trip152040020_06:41:00,6,Euro4,Gasoline,Gillig_102,Passenger
06:51:31,24691000,0,0,Route16_trip152040020_06:41:00,6,Euro4,Gasoline,Gillig_102,Passenger
06:51:32,24692000,0,0,Route16_trip152040020_06:41:00,6,Euro4,Gasoline,Gillig_102,Passenger
06:51:33,24693000,0,0,Route16_trip152040020_06:41:00,6,Euro4,Gasoline,Gillig_102,Passenger
06:51:34,24694000,0,0,Route16_trip152040020_06:41:00,6,Euro4,Gasoline,Gillig_102,Passenger
06:51:35,24695000,0,0,Route16_trip152040020_06:41:00,6,Euro4,Gasoline,Gillig_102,Passenger
06:51:36,24696000,0,0,Route16_trip152040020_06:41:00,6,Euro4,Gasoline,Gillig_102,Passenger
06:51:37,24697000,0,0,Route16_trip152040020_06:41:00,6,Euro4,Gasoline,Gillig_102,Passenger
06:51:38,24698000,0,0,Route16_trip152040020_06:41:00,6,Euro4,Gasoline,Gillig_102,Passenger
06:51:39,24699000,0,0,Route16_trip152040020_06:41:00,6,Euro4,Gasoline,Gillig_102,Passenger
06:51:40,24700000,0,0,Route16_trip152040020_06:41:00,6,Euro4,Gasoline,Gillig_102,Passenger
06:51:41,24701000,0,0,Route16_trip152040020_06:41:00,6,Euro4,Gasoline,Gillig_102,Passenger
06:51:42,24702000,0,0,Route16_trip152040020_06:41:00,6,Euro4,Gasoline,Gillig_102,Passenger
06:51:43,24703000,0,0,Route16_trip152040020_06:41:00,6,Euro4,Gasoline,Gillig_102,Passenger
06:51:44,24704000,0,0,Route16_trip152040020_06:41:00,6,Euro4,Gasoline,Gillig_102,Passenger
06:51:45,24705000,0,0,Route16_trip152040020_06:41:00,6,Euro4,Gasoline,Gillig_102,Passenger
06:51:46,24706000,0,0,Route16_trip152040020_06:41:00,6,Euro4,Gasoline,Gillig_102,Passenger
06:51:47,24707000,0,0,Route16_trip152040020_06:41:00,6,Euro4,Gasoline,Gillig_102,Passenger
06:51:48,24708000,0,0,Route16_trip152040020_06:41:00,6,Euro4,Gasoline,Gillig_102,Passenger
06:51:49,24709000,0,0,Route16_trip152040020_06:41:00,6,Euro4,Gasoline,Gillig_102,Passenger
06:51:50,24710000,0,0,Route16_trip152040020_06:41:00,6,Euro4,Gasoline,Gillig_102,Passenger
06:51:51,24711000,0,0,Route16_trip152040020_06:41:00,6,Euro4,Gasoline,Gillig_102,Passenger
06:51:52,24712000,0,0,Route16_trip152040020_06:41:00,6,Euro4,Gasoline,Gillig_102,Passenger
06:51:53,24713000,0,0,Route16_trip152040020_06:41:00,6,Euro4,Gasoline,Gillig_102,Passenger
06:51:54,24714000,0,0,Route16_trip152040020_06:41:00,6,Euro4,Gasoline,Gillig_102,Passenger
06:51:55,24715000,0,0,Route16_trip152040020_06:41:00,6,Euro4,Gasoline,Gillig_102,Passenger
06:51:56,24716000,0,0,Route16_trip152040020_06:41:00,6,Euro4,Gasoline,Gillig_102,Passenger
06:51:57,24717000,0,0,Route16_trip152040020_06:41:00,6,Euro4,Gasoline,Gillig_102,Passenger
06:51:58,24718000,0,0,Route16_trip152040020_06:41:00,6,Euro4,Gasoline,Gillig_102,Passenger
06:51:59,24719000,0,0,Route16_trip152040020_06:41:00,6,Euro4,Gasoline,Gillig_102,Passenger
06:52:00,24720000,0,0,Route16_trip152040020_06:41:00,6,Euro4,Gasoline,Gillig_102,Passenger
06:52:01,24721000,0,0,Route16_trip152040020_06:41:00,6,Euro4,Gasoline,Gillig_102,Passenger
06:52:02,24722000,0,0,Route16_trip152040020_06:41:00,6,Euro4,Gasoline,Gillig_102,Passenger
06:52:03,24723000,0,0,Route16_trip152040020_06:41:00,6,Euro4,Gasoline,Gillig_102,Passenger
06:52:04,24724000,0,0,Route16_trip152040020_06:41:00,6,Euro4,Gasoline,Gillig_102,Passenger
06:52:05,24725000,0,0,Route16_trip152040020_06:41:00,6,Euro4,Gasoline,Gillig_102,Passenger
06:52:06,24726000,0,0,Route16_trip152040020_06:41:00,6,Euro4,Gasoline,Gillig_102,Passenger
06:52:07,24727000,0,0,Route16_trip152040020_06:41:00,6,Euro4,Gasoline,Gillig_102,Passenger
06:52:08,24728000,0,0,Route16_trip152040020_06:41:00,6,Euro4,Gasoline,Gillig_102,Passenger
06:52:09,24729000,0,0,Route16_trip152040020_06:41:00,6,Euro4,Gasoline,Gillig_102,Passenger
06:52:10,24730000,0,0,Route16_trip152040020_06:41:00,6,Euro4,Gasoline,Gillig_102,Passenger
06:52:11,24731000,0,0,Route16_trip152040020_06:41:00,6,Euro4,Gasoline,Gillig_102,Passenger
06:52:12,24732000,0,0,Route16_trip152040020_06:41:00,6,Euro4,Gasoline,Gillig_102,Passenger
06:52:13,24733000,0,0,Route16_trip152040020_06:41:00,6,Euro4,Gasoline,Gillig_102,Passenger
06:52:14,24734000,0,0,Route16_trip152040020_06:41:00,6,Euro4,Gasoline,Gillig_102,Passenger
06:52:15,24735000,0,0,Route16_trip152040020_06:41:00,6,Euro4,Gasoline,Gillig_102,Passenger
06:52:16,24736000,0,0,Route16_trip152040020_06:41:00,6,Euro4,Gasoline,Gillig_102,Passenger
06:52:17,24737000,0,0,Route16_trip152040020_06:41:00,6,Euro4,Gasoline,Gillig_102,Passenger
06:52:18,24738000,0,0,Route16_trip152040020_06:41:00,6,Euro4,Gasoline,Gillig_102,Passenger
06:52:19,24739000,0,0,Route16_trip152040020_06:41:00,6,Euro4,Gasoline,Gillig_102,Passenger
06:52:20,24740000,0,0,Route16_trip152040020_06:41:00,6,Euro4,Gasoline,Gillig_102,Passenger
06:52:21,24741000,0,0,Route16_trip152040020_06:41:00,6,Euro4,Gasoline,Gillig_102,Passenger
06:52:22,24742000,0,0,Route16_trip152040020_06:41:00,6,Euro4,Gasoline,Gillig_102,Passenger
06:52:23,24743000,0,0,Route16_trip152040020_06:41:00,6,Euro4,Gasoline,Gillig_102,Passenger
06:52:24,24744000,0,0,Route16_trip152040020_06:41:00,6,Euro4,Gasoline,Gillig_102,Passenger
06:52:25,24745000,0,0,Route16_trip152040020_06:41:00,6,Euro4,Gasoline,Gillig_102,Passenger
06:52:26,24746000,0,0,Route16_trip152040020_06:41:00,6,Euro4,Gasoline,Gillig_102,Passenger
06:52:27,24747000,0,0,Route16_trip152040020_06:41:00,6,Euro4,Gasoline,Gillig_102,Passenger
06:52:28,24748000,0,0,Route16_trip152040020_06:41:00,6,Euro4,Gasoline,Gillig_102,Passenger
06:52:29,24749000,0,0,Route16_trip152040020_06:41:00,6,Euro4,Gasoline,Gillig_102,Passenger
06:52:30,24750000,0,0,Route16_trip152040020_06:41:00,6,Euro4,Gasoline,Gillig_102,Passenger
06:52:31,24751000,0,0,Route16_trip152040020_06:41:00,6,Euro4,Gasoline,Gillig_102,Passenger
06:52:32,24752000,0,0,Route16_trip152040020_06:41:00,6,Euro4,Gasoline,Gillig_102,Passenger
06:52:33,24753000,0,0,Route16_trip152040020_06:41:00,6,Euro4,Gasoline,Gillig_102,Passenger
06:52:34,24754000,0,0,Route16_trip152040020_06:41:00,6,Euro4,Gasoline,Gillig_102,Passenger
06:52:35,24755000,0,0,Route16_trip152040020_06:41:00,6,Euro4,Gasoline,Gillig_102,Passenger
06:52:36,24756000,0,0,Route16_trip152040020_06:41:00,6,Euro4,Gasoline,Gillig_102,Passenger
06:52:37,24757000,0,0,Route16_trip152040020_06:41:00,6,Euro4,Gasoline,Gillig_102,Passenger
06:52:38,24758000,0,0,Route16_trip152040020_06:41:00,6,Euro4,Gasoline,Gillig_102,Passenger
06:52:39,24759000,0,0,Route16_trip152040020_06:41:00,6,Euro4,Gasoline,Gillig_102,Passenger
06:52:40,24760000,0,0,Route16_trip152040020_06:41:00,6,Euro4,Gasoline,Gillig_102,Passenger
06:52:41,24761000,0,0,Route16_trip152040020_06:41:00,6,Euro4,Gasoline,Gillig_102,Passenger
06:52:42,24762000,0,0,Route16_trip152040020_06:41:00,6,Euro4,Gasoline,Gillig_102,Passenger
06:52:43,24763000,0,0,Route16_trip152040020_06:41:00,6,Euro4,Gasoline,Gillig_102,Passenger
06:52:44,24764000,0,0,Route16_trip152040020_06:41:00,6,Euro4,Gasoline,Gillig_102,Passenger
06:52:45,24765000,0,0,Route16_trip152040020_06:41:00,6,Euro4,Gasoline,Gillig_102,Passenger
06:52:46,24766000,0,0,Route16_trip152040020_06:41:00,6,Euro4,Gasoline,Gillig_102,Passenger
06:52:47,24767000,0,0,Route16_trip152040020_06:41:00,6,Euro4,Gasoline,Gillig_102,Passenger
06:52:48,24768000,0,0,Route16_trip152040020_06:41:00,6,Euro4,Gasoline,Gillig_102,Passenger
06:52:49,24769000,0,0,Route16_trip152040020_06:41:00,6,Euro4,Gasoline,Gillig_102,Passenger
06:52:50,24770000,0,0,Route16_trip152040020_06:41:00,6,Euro4,Gasoline,Gillig_102,Passenger
06:52:51,24771000,0,0,Route16_trip152040020_06:41:00,6,Euro4,Gasoline,Gillig_102,Passenger
06:52:52,24772000,0,0,Route16_trip152040020_06:41:00,6,Euro4,Gasoline,Gillig_102,Passenger
06:52:53,24773000,0,0,Route16_trip152040020_06:41:00,6,Euro4,Gasoline,Gillig_102,Passenger
06:52:54,24774000,0,0,Route16_trip152040020_06:41:00,6,Euro4,Gasoline,Gillig_102,Passenger
06:52:55,24775000,0,0,Route16_trip152040020_06:41:00,6,Euro4,Gasoline,Gillig_102,Passenger
06:52:56,24776000,0,0,Route16_trip152040020_06:41:00,6,Euro4,Gasoline,Gillig_102,Passenger
06:52:57,24777000,0,0,Route16_trip152040020_06:41:00,6,Euro4,Gasoline,Gillig_102,Passenger
06:52:58,24778000,0,0,Route16_trip152040020_06:41:00,6,Euro4,Gasoline,Gillig_102,Passenger
06:52:59,24779000,0,0,Route16_trip152040020_06:41:00,6,Euro4,Gasoline,Gillig_102,Passenger
06:53:00,24780000,0,0,Route16_trip152040020_06:41:00,6,Euro4,Gasoline,Gillig_102,Passenger
06:53:01,24781000,0,0,Route16_trip152040020_06:41:00,6,Euro4,Gasoline,Gillig_102,Passenger
06:53:02,24782000,0,0,Route16_trip152040020_06:41:00,6,Euro4,Gasoline,Gillig_102,Passenger
06:53:03,24783000,0,0,Route16_trip152040020_06:41:00,6,Euro4,Gasoline,Gillig_102,Passenger
06:53:04,24784000,0,0,Route16_trip152040020_06:41:00,6,Euro4,Gasoline,Gillig_102,Passenger
06:53:05,24785000,0,0,Route16_trip152040020_06:41:00,6,Euro4,Gasoline,Gillig_102,Passenger
06:53:06,24786000,0,0,Route16_trip152040020_06:41:00,6,Euro4,Gasoline,Gillig_102,Passenger
06:53:07,24787000,0,0,Route16_trip152040020_06:41:00,6,Euro4,Gasoline,Gillig_102,Passenger
06:53:08,24788000,0,0,Route16_trip152040020_06:41:00,6,Euro4,Gasoline,Gillig_102,Passenger
06:53:09,24789000,0,0,Route16_trip152040020_06:41:00,6,Euro4,Gasoline,Gillig_102,Passenger
06:53:10,24790000,0,0,Route16_trip152040020_06:41:00,6,Euro4,Gasoline,Gillig_102,Passenger
06:53:11,24791000,0,0,Route16_trip152040020_06:41:00,6,Euro4,Gasoline,Gillig_102,Passenger
06:53:12,24792000,0,0,Route16_trip152040020_06:41:00,6,Euro4,Gasoline,Gillig_102,Passenger
06:53:13,24793000,0,0,Route16_trip152040020_06:41:00,6,Euro4,Gasoline,Gillig_102,Passenger
06:53:14,24794000,0,0,Route16_trip152040020_06:41:00,6,Euro4,Gasoline,Gillig_102,Passenger
06:53:15,24795000,0,0,Route16_trip152040020_06:41:00,6,Euro4,Gasoline,Gillig_102,Passenger
06:53:16,24796000,0,0,Route16_trip152040020_06:41:00,6,Euro4,Gasoline,Gillig_102,Passenger
06:53:17,24797000,0,0,Route16_trip152040020_06:41:00,6,Euro4,Gasoline,Gillig_102,Passenger
06:53:18,24798000,0,0,Route16_trip152040020_06:41:00,6,Euro4,Gasoline,Gillig_102,Passenger
06:53:19,24799000,0,0,Route16_trip152040020_06:41:00,6,Euro4,Gasoline,Gillig_102,Passenger
06:53:20,24800000,0,0,Route16_trip152040020_06:41:00,6,Euro4,Gasoline,Gillig_102,Passenger
06:53:21,24801000,0,0,Route16_trip152040020_06:41:00,6,Euro4,Gasoline,Gillig_102,Passenger
06:53:22,24802000,0,0,Route16_trip152040020_06:41:00,6,Euro4,Gasoline,Gillig_102,Passenger
06:53:23,24803000,0,0,Route16_trip152040020_06:41:00,6,Euro4,Gasoline,Gillig_102,Passenger
06:53:24,24804000,0,0,Route16_trip152040020_06:41:00,6,Euro4,Gasoline,Gillig_102,Passenger
06:53:25,24805000,0,0,Route16_trip152040020_06:41:00,6,Euro4,Gasoline,Gillig_102,Passenger
06:53:26,24806000,0,0,Route16_trip152040020_06:41:00,6,Euro4,Gasoline,Gillig_102,Passenger
06:53:27,24807000,0,0,Route16_trip152040020_06:41:00,6,Euro4,Gasoline,Gillig_102,Passenger
06:53:28,24808000,0,0,Route16_trip152040020_06:41:00,6,Euro4,Gasoline,Gillig_102,Passenger
06:53:29,24809000,0,0,Route16_trip152040020_06:41:00,6,Euro4,Gasoline,Gillig_102,Passenger
06:53:30,24810000,0,0,Route16_trip152040020_06:41:00,6,Euro4,Gasoline,Gillig_102,Passenger
06:53:31,24811000,0,0,Route16_trip152040020_06:41:00,6,Euro4,Gasoline,Gillig_102,Passenger
06:53:32,24812000,0,0,Route16_trip152040020_06:41:00,6,Euro4,Gasoline,Gillig_102,Passenger
06:53:33,24813000,0,0,Route16_trip152040020_06:41:00,6,Euro4,Gasoline,Gillig_102,Passenger
06:53:34,24814000,0,0,Route16_trip152040020_06:41:00,6,Euro4,Gasoline,Gillig_102,Passenger
06:53:35,24815000,0,0,Route16_trip152040020_06:41:00,6,Euro4,Gasoline,Gillig_102,Passenger
06:53:36,24816000,0,0,Route16_trip152040020_06:41:00,6,Euro4,Gasoline,Gillig_102,Passenger
06:53:37,24817000,0,0,Route16_trip152040020_06:41:00,6,Euro4,Gasoline,Gillig_102,Passenger
06:53:38,24818000,0,0,Route16_trip152040020_06:41:00,6,Euro4,Gasoline,Gillig_102,Passenger
06:53:39,24819000,0,0,Route16_trip152040020_06:41:00,6,Euro4,Gasoline,Gillig_102,Passenger
06:53:40,24820000,0,0,Route16_trip152040020_06:41:00,6,Euro4,Gasoline,Gillig_102,Passenger
06:53:41,24821000,0,0,Route16_trip152040020_06:41:00,6,Euro4,Gasoline,Gillig_102,Passenger
06:53:42,24822000,0,0,Route16_trip152040020_06:41:00,6,Euro4,Gasoline,Gillig_102,Passenger
06:53:43,24823000,0,0,Route16_trip152040020_06:41:00,6,Euro4,Gasoline,Gillig_102,Passenger
06:53:44,24824000,0,0,Route16_trip152040020_06:41:00,6,Euro4,Gasoline,Gillig_102,Passenger
06:53:45,24825000,0,0,Route16_trip152040020_06:41:00,6,Euro4,Gasoline,Gillig_102,Passenger
06:53:46,24826000,0,0,Route16_trip152040020_06:41:00,6,Euro4,Gasoline,Gillig_102,Passenger
06:53:47,24827000,0,0,Route16_trip152040020_06:41:00,6,Euro4,Gasoline,Gillig_102,Passenger
06:53:48,24828000,0,0,Route16_trip152040020_06:41:00,6,Euro4,Gasoline,Gillig_102,Passenger
06:53:49,24829000,0,0,Route16_trip152040020_06:41:00,6,Euro4,Gasoline,Gillig_102,Passenger
06:53:50,24830000,0,0,Route16_trip152040020_06:41:00,6,Euro4,Gasoline,Gillig_102,Passenger
06:53:51,24831000,0,0,Route16_trip152040020_06:41:00,6,Euro4,Gasoline,Gillig_102,Passenger
06:53:52,24832000,0,0,Route16_trip152040020_06:41:00,6,Euro4,Gasoline,Gillig_102,Passenger
06:53:53,24833000,0,0,Route16_trip152040020_06:41:00,6,Euro4,Gasoline,Gillig_102,Passenger
06:53:54,24834000,0,0,Route16_trip152040020_06:41:00,6,Euro4,Gasoline,Gillig_102,Passenger
06:53:55,24835000,0,0,Route16_trip152040020_06:41:00,6,Euro4,Gasoline,Gillig_102,Passenger
06:53:56,24836000,0,0,Route16_trip152040020_06:41:00,6,Euro4,Gasoline,Gillig_102,Passenger
06:53:57,24837000,0,0,Route16_trip152040020_06:41:00,6,Euro4,Gasoline,Gillig_102,Passenger
06:53:58,24838000,0,0,Route16_trip152040020_06:41:00,6,Euro4,Gasoline,Gillig_102,Passenger
06:53:59,24839000,0,0,Route16_trip152040020_06:41:00,6,Euro4,Gasoline,Gillig_102,Passenger
06:54:00,24840000,0,0,Route16_trip152040020_06:41:00,6,Euro4,Gasoline,Gillig_102,Passenger
06:54:01,24841000,0,0,Route16_trip152040020_06:41:00,6,Euro4,Gasoline,Gillig_102,Passenger
06:54:02,24842000,0,0,Route16_trip152040020_06:41:00,6,Euro4,Gasoline,Gillig_102,Passenger
06:54:03,24843000,0,0,Route16_trip152040020_06:41:00,6,Euro4,Gasoline,Gillig_102,Passenger
06:54:04,24844000,0,0,Route16_trip152040020_06:41:00,6,Euro4,Gasoline,Gillig_102,Passenger
06:54:05,24845000,0,0,Route16_trip152040020_06:41:00,6,Euro4,Gasoline,Gillig_102,Passenger
06:54:06,24846000,0,0,Route16_trip152040020_06:41:00,6,Euro4,Gasoline,Gillig_102,Passenger
06:54:07,24847000,0,0,Route16_trip152040020_06:41:00,6,Euro4,Gasoline,Gillig_102,Passenger
06:54:08,24848000,0,0,Route16_trip152040020_06:41:00,6,Euro4,Gasoline,Gillig_102,Passenger
06:54:09,24849000,0,0,Route16_trip152040020_06:41:00,6,Euro4,Gasoline,Gillig_102,Passenger
06:54:10,24850000,0,0,Route16_trip152040020_06:41:00,6,Euro4,Gasoline,Gillig_102,Passenger
06:54:11,24851000,0,0,Route16_trip152040020_06:41:00,6,Euro4,Gasoline,Gillig_102,Passenger
06:54:12,24852000,0,0,Route16_trip152040020_06:41:00,6,Euro4,Gasoline,Gillig_102,Passenger
06:54:13,24853000,0,0,Route16_trip152040020_06:41:00,6,Euro4,Gasoline,Gillig_102,Passenger
06:54:14,24854000,0,0,Route16_trip152040020_06:41:00,6,Euro4,Gasoline,Gillig_102,Passenger
06:54:15,24855000,0,0,Route16_trip152040020_06:41:00,6,Euro4,Gasoline,Gillig_102,Passenger
06:54:16,24856000,0,0,Route16_trip152040020_06:41:00,6,Euro4,Gasoline,Gillig_102,Passenger
06:54:17,24857000,0,0,Route16_trip152040020_06:41:00,6,Euro4,Gasoline,Gillig_102,Passenger
06:54:18,24858000,0,0,Route16_trip152040020_06:41:00,6,Euro4,Gasoline,Gillig_102,Passenger
06:54:19,24859000,0,0,Route16_trip152040020_06:41:00,6,Euro4,Gasoline,Gillig_102,Passenger
06:54:20,24860000,0,0,Route16_trip152040020_06:41:00,6,Euro4,Gasoline,Gillig_102,Passenger
06:54:21,24861000,0,0,Route16_trip152040020_06:41:00,6,Euro4,Gasoline,Gillig_102,Passenger
06:54:22,24862000,0,0,Route16_trip152040020_06:41:00,6,Euro4,Gasoline,Gillig_102,Passenger
06:54:23,24863000,0,0,Route16_trip152040020_06:41:00,6,Euro4,Gasoline,Gillig_102,Passenger
06:54:24,24864000,0,0,Route16_trip152040020_06:41:00,6,Euro4,Gasoline,Gillig_102,Passenger
06:54:25,24865000,0,0,Route16_trip152040020_06:41:00,6,Euro4,Gasoline,Gillig_102,Passenger
06:54:26,24866000,0,0,Route16_trip152040020_06:41:00,6,Euro4,Gasoline,Gillig_102,Passenger
06:54:27,24867000,0,0,Route16_trip152040020_06:41:00,6,Euro4,Gasoline,Gillig_102,Passenger
06:54:28,24868000,0,0,Route16_trip152040020_06:41:00,6,Euro4,Gasoline,Gillig_102,Passenger
06:54:29,24869000,0,0,Route16_trip152040020_06:41:00,6,Euro4,Gasoline,Gillig_102,Passenger
06:54:30,24870000,0,0,Route16_trip152040020_06:41:00,6,Euro4,Gasoline,Gillig_102,Passenger
06:54:31,24871000,0,0,Route16_trip152040020_06:41:00,6,Euro4,Gasoline,Gillig_102,Passenger
06:54:32,24872000,0,0,Route16_trip152040020_06:41:00,6,Euro4,Gasoline,Gillig_102,Passenger
06:54:33,24873000,0,0,Route16_trip152040020_06:41:00,6,Euro4,Gasoline,Gillig_102,Passenger
06:54:34,24874000,0,0,Route16_trip152040020_06:41:00,6,Euro4,Gasoline,Gillig_102,Passenger
06:54:35,24875000,0,0,Route16_trip152040020_06:41:00,6,Euro4,Gasoline,Gillig_102,Passenger
06:54:36,24876000,0,0,Route16_trip152040020_06:41:00,6,Euro4,Gasoline,Gillig_102,Passenger
06:54:37,24877000,0,0,Route16_trip152040020_06:41:00,6,Euro4,Gasoline,Gillig_102,Passenger
06:54:38,24878000,0,0,Route16_trip152040020_06:41:00,6,Euro4,Gasoline,Gillig_102,Passenger
06:54:39,24879000,0,0,Route16_trip152040020_06:41:00,6,Euro4,Gasoline,Gillig_102,Passenger
06:54:40,24880000,0,0,Route16_trip152040020_06:41:00,6,Euro4,Gasoline,Gillig_102,Passenger
06:54:41,24881000,0,0,Route16_trip152040020_06:41:00,6,Euro4,Gasoline,Gillig_102,Passenger
06:54:42,24882000,0,0,Route16_trip152040020_06:41:00,6,Euro4,Gasoline,Gillig_102,Passenger
06:54:43,24883000,0,0,Route16_trip152040020_06:41:00,6,Euro4,Gasoline,Gillig_102,Passenger
06:54:44,24884000,0,0,Route16_trip152040020_06:41:00,6,Euro4,Gasoline,Gillig_102,Passenger
06:54:45,24885000,0,0,Route16_trip152040020_06:41:00,6,Euro4,Gasoline,Gillig_102,Passenger
06:54:46,24886000,0,0,Route16_trip152040020_06:41:00,6,Euro4,Gasoline,Gillig_102,Passenger
06:54:47,24887000,0,0,Route16_trip152040020_06:41:00,6,Euro4,Gasoline,Gillig_102,Passenger
06:54:48,24888000,0,0,Route16_trip152040020_06:41:00,6,Euro4,Gasoline,Gillig_102,Passenger
06:54:49,24889000,0,0,Route16_trip152040020_06:41:00,6,Euro4,Gasoline,Gillig_102,Passenger
06:54:50,24890000,0,0,Route16_trip152040020_06:41:00,6,Euro4,Gasoline,Gillig_102,Passenger
06:54:51,24891000,0,0,Route16_trip152040020_06:41:00,6,Euro4,Gasoline,Gillig_102,Passenger
06:54:52,24892000,0,0,Route16_trip152040020_06:41:00,6,Euro4,Gasoline,Gillig_102,Passenger
06:54:53,24893000,0,0,Route16_trip152040020_06:41:00,6,Euro4,Gasoline,Gillig_102,Passenger
06:54:54,24894000,0,0,Route16_trip152040020_06:41:00,6,Euro4,Gasoline,Gillig_102,Passenger
06:54:55,24895000,0,0,Route16_trip152040020_06:41:00,6,Euro4,Gasoline,Gillig_102,Passenger
06:54:56,24896000,0,0,Route16_trip152040020_06:41:00,6,Euro4,Gasoline,Gillig_102,Passenger
06:54:57,24897000,0,0,Route16_trip152040020_06:41:00,6,Euro4,Gasoline,Gillig_102,Passenger
06:54:58,24898000,0,0,Route16_trip152040020_06:41:00,6,Euro4,Gasoline,Gillig_102,Passenger
06:54:59,24899000,0,0,Route16_trip152040020_06:41:00,6,Euro4,Gasoline,Gillig_102,Passenger
06:55:00,24900000,0,0,Route16_trip152040020_06:41:00,6,Euro4,Gasoline,Gillig_102,Passenger
06:55:01,24901000,0,0,Route16_trip152040020_06:41:00,6,Euro4,Gasoline,Gillig_102,Passenger
06:55:02,24902000,0,0,Route16_trip152040020_06:41:00,6,Euro4,Gasoline,Gillig_102,Passenger
06:55:03,24903000,0,0,Route16_trip152040020_06:41:00,6,Euro4,Gasoline,Gillig_102,Passenger
06:55:04,24904000,0,0,Route16_trip152040020_06:41:00,6,Euro4,Gasoline,Gillig_102,Passenger
06:55:05,24905000,0,0,Route16_trip152040020_06:41:00,6,Euro4,Gasoline,Gillig_102,Passenger
06:55:06,24906000,0,0,Route16_trip152040020_06:41:00,6,Euro4,Gasoline,Gillig_102,Passenger
06:55:07,24907000,0,0,Route16_trip152040020_06:41:00,6,Euro4,Gasoline,Gillig_102,Passenger
06:55:08,24908000,0,0,Route16_trip152040020_06:41:00,6,Euro4,Gasoline,Gillig_102,Passenger
06:55:09,24909000,0,0,Route16_trip152040020_06:41:00,6,Euro4,Gasoline,Gillig_102,Passenger
06:55:10,24910000,0,0,Route16_trip152040020_06:41:00,6,Euro4,Gasoline,Gillig_102,Passenger
06:55:11,24911000,0,0,Route16_trip152040020_06:41:00,6,Euro4,Gasoline,Gillig_102,Passenger
06:55:12,24912000,0,0,Route16_trip152040020_06:41:00,6,Euro4,Gasoline,Gillig_102,Passenger
06:55:13,24913000,0,0,Route16_trip152040020_06:41:00,6,Euro4,Gasoline,Gillig_102,Passenger
06:55:14,24914000,0,0,Route16_trip152040020_06:41:00,6,Euro4,Gasoline,Gillig_102,Passenger
06:55:15,24915000,0,0,Route16_trip152040020_06:41:00,6,Euro4,Gasoline,Gillig_102,Passenger
06:55:16,24916000,1,8,Route16_trip152040020_06:41:00,6,Euro4,Gasoline,Gillig_102,Passenger
06:55:17,24917000,79,786,Route16_trip152040020_06:41:00,6,Euro4,Gasoline,Gillig_102,Passenger
06:55:18,24918000,59,-204,Route16_trip152040020_06:41:00,6,Euro4,Gasoline,Gillig_102,Passenger
06:55:19,24919000,9,-501,Route16_trip152040020_06:41:00,6,Euro4,Gasoline,Gillig_102,Passenger
06:55:20,24920000,4,-45,Route16_trip152040020_06:41:00,6,Euro4,Gasoline,Gillig_102,Passenger
06:55:21,24921000,0,-39,Route16_trip152040020_06:41:00,6,Euro4,Gasoline,Gillig_102,Passenger
06:55:22,24922000,0,0,Route16_trip152040020_06:41:00,6,Euro4,Gasoline,Gillig_102,Passenger
06:55:23,24923000,0,0,Route16_trip152040020_06:41:00,6,Euro4,Gasoline,Gillig_102,Passenger
06:55:24,24924000,0,0,Route16_trip152040020_06:41:00,6,Euro4,Gasoline,Gillig_102,Passenger
06:55:25,24925000,0,0,Route16_trip152040020_06:41:00,6,Euro4,Gasoline,Gillig_102,Passenger
06:55:26,24926000,0,0,Route16_trip152040020_06:41:00,6,Euro4,Gasoline,Gillig_102,Passenger
06:55:27,24927000,0,0,Route16_trip152040020_06:41:00,6,Euro4,Gasoline,Gillig_102,Passenger
06:55:28,24928000,0,0,Route16_trip152040020_06:41:00,6,Euro4,Gasoline,Gillig_102,Passenger
06:55:29,24929000,0,0,Route16_trip152040020_06:41:00,6,Euro4,Gasoline,Gillig_102,Passenger
06:55:30,24930000,0,0,Route16_trip152040020_06:41:00,6,Euro4,Gasoline,Gillig_102,Passenger
06:55:31,24931000,0,0,Route16_trip152040020_06:41:00,6,Euro4,Gasoline,Gillig_102,Passenger
06:55:32,24932000,0,0,Route16_trip152040020_06:41:00,6,Euro4,Gasoline,Gillig_102,Passenger
06:55:33,24933000,0,0,Route16_trip152040020_06:41:00,6,Euro4,Gasoline,Gillig_102,Passenger
06:55:34,24934000,0,0,Route16_trip152040020_06:41:00,6,Euro4,Gasoline,Gillig_102,Passenger
06:55:35,24935000,0,0,Route16_trip152040020_06:41:00,6,Euro4,Gasoline,Gillig_102,Passenger
06:55:36,24936000,0,0,Route16_trip152040020_06:41:00,6,Euro4,Gasoline,Gillig_102,Passenger
06:55:37,24937000,0,0,Route16_trip152040020_06:41:00,6,Euro4,Gasoline,Gillig_102,Passenger
06:55:38,24938000,0,0,Route16_trip152040020_06:41:00,6,Euro4,Gasoline,Gillig_102,Passenger
06:55:39,24939000,0,0,Route16_trip152040020_06:41:00,6,Euro4,Gasoline,Gillig_102,Passenger
06:55:40,24940000,0,0,Route16_trip152040020_06:41:00,6,Euro4,Gasoline,Gillig_102,Passenger
06:55:41,24941000,0,0,Route16_trip152040020_06:41:00,6,Euro4,Gasoline,Gillig_102,Passenger
06:55:42,24942000,0,0,Route16_trip152040020_06:41:00,6,Euro4,Gasoline,Gillig_102,Passenger
06:55:43,24943000,0,0,Route16_trip152040020_06:41:00,6,Euro4,Gasoline,Gillig_102,Passenger
06:55:44,24944000,0,0,Route16_trip152040020_06:41:00,6,Euro4,Gasoline,Gillig_102,Passenger
06:55:45,24945000,0,0,Route16_trip152040020_06:41:00,6,Euro4,Gasoline,Gillig_102,Passenger
06:55:46,24946000,0,0,Route16_trip152040020_06:41:00,6,Euro4,Gasoline,Gillig_102,Passenger
06:55:47,24947000,0,0,Route16_trip152040020_06:41:00,6,Euro4,Gasoline,Gillig_102,Passenger
06:55:48,24948000,0,0,Route16_trip152040020_06:41:00,6,Euro4,Gasoline,Gillig_102,Passenger
06:55:49,24949000,0,0,Route16_trip152040020_06:41:00,6,Euro4,Gasoline,Gillig_102,Passenger
06:55:50,24950000,0,0,Route16_trip152040020_06:41:00,6,Euro4,Gasoline,Gillig_102,Passenger
06:55:51,24951000,0,0,Route16_trip152040020_06:41:00,6,Euro4,Gasoline,Gillig_102,Passenger
06:55:52,24952000,0,0,Route16_trip152040020_06:41:00,6,Euro4,Gasoline,Gillig_102,Passenger
06:55:53,24953000,0,0,Route16_trip152040020_06:41:00,6,Euro4,Gasoline,Gillig_102,Passenger
06:55:54,24954000,0,0,Route16_trip152040020_06:41:00,6,Euro4,Gasoline,Gillig_102,Passenger
06:55:55,24955000,0,0,Route16_trip152040020_06:41:00,6,Euro4,Gasoline,Gillig_102,Passenger
06:55:56,24956000,0,0,Route16_trip152040020_06:41:00,6,Euro4,Gasoline,Gillig_102,Passenger
06:55:57,24957000,0,0,Route16_trip152040020_06:41:00,6,Euro4,Gasoline,Gillig_102,Passenger
06:55:58,24958000,0,0,Route16_trip152040020_06:41:00,6,Euro4,Gasoline,Gillig_102,Passenger
06:55:59,24959000,0,0,Route16_trip152040020_06:41:00,6,Euro4,Gasoline,Gillig_102,Passenger
06:56:00,24960000,0,0,Route16_trip152040020_06:41:00,6,Euro4,Gasoline,Gillig_102,Passenger
06:56:01,24961000,0,0,Route16_trip152040020_06:41:00,6,Euro4,Gasoline,Gillig_102,Passenger
06:56:02,24962000,0,0,Route16_trip152040020_06:41:00,6,Euro4,Gasoline,Gillig_102,Passenger
06:56:03,24963000,0,0,Route16_trip152040020_06:41:00,6,Euro4,Gasoline,Gillig_102,Passenger
06:56:04,24964000,0,0,Route16_trip152040020_06:41:00,6,Euro4,Gasoline,Gillig_102,Passenger
06:56:05,24965000,0,0,Route16_trip152040020_06:41:00,6,Euro4,Gasoline,Gillig_102,Passenger
06:56:06,24966000,0,0,Route16_trip152040020_06:41:00,6,Euro4,Gasoline,Gillig_102,Passenger
06:56:07,24967000,0,0,Route16_trip152040020_06:41:00,6,Euro4,Gasoline,Gillig_102,Passenger
06:56:08,24968000,0,0,Route16_trip152040020_06:41:00,6,Euro4,Gasoline,Gillig_102,Passenger
06:56:09,24969000,0,0,Route16_trip152040020_06:41:00,6,Euro4,Gasoline,Gillig_102,Passenger
06:56:10,24970000,0,0,Route16_trip152040020_06:41:00,6,Euro4,Gasoline,Gillig_102,Passenger
06:56:11,24971000,0,0,Route16_trip152040020_06:41:00,6,Euro4,Gasoline,Gillig_102,Passenger
06:56:12,24972000,0,0,Route16_trip152040020_06:41:00,6,Euro4,Gasoline,Gillig_102,Passenger
06:56:13,24973000,0,0,Route16_trip152040020_06:41:00,6,Euro4,Gasoline,Gillig_102,Passenger
06:56:14,24974000,0,0,Route16_trip152040020_06:41:00,6,Euro4,Gasoline,Gillig_102,Passenger
06:56:15,24975000,0,0,Route16_trip152040020_06:41:00,6,Euro4,Gasoline,Gillig_102,Passenger
06:56:16,24976000,0,0,Route16_trip152040020_06:41:00,6,Euro4,Gasoline,Gillig_102,Passenger
06:56:17,24977000,0,0,Route16_trip152040020_06:41:00,6,Euro4,Gasoline,Gillig_102,Passenger
06:56:18,24978000,0,0,Route16_trip152040020_06:41:00,6,Euro4,Gasoline,Gillig_102,Passenger
06:56:19,24979000,0,0,Route16_trip152040020_06:41:00,6,Euro4,Gasoline,Gillig_102,Passenger
06:56:20,24980000,0,0,Route16_trip152040020_06:41:00,6,Euro4,Gasoline,Gillig_102,Passenger
06:56:21,24981000,0,0,Route16_trip152040020_06:41:00,6,Euro4,Gasoline,Gillig_102,Passenger
06:56:22,24982000,0,0,Route16_trip152040020_06:41:00,6,Euro4,Gasoline,Gillig_102,Passenger
06:56:23,24983000,0,0,Route16_trip152040020_06:41:00,6,Euro4,Gasoline,Gillig_102,Passenger
06:56:24,24984000,0,0,Route16_trip152040020_06:41:00,6,Euro4,Gasoline,Gillig_102,Passenger
06:56:25,24985000,0,0,Route16_trip152040020_06:41:00,6,Euro4,Gasoline,Gillig_102,Passenger
06:56:26,24986000,0,0,Route16_trip152040020_06:41:00,6,Euro4,Gasoline,Gillig_102,Passenger
06:56:27,24987000,0,0,Route16_trip152040020_06:41:00,6,Euro4,Gasoline,Gillig_102,Passenger
06:56:28,24988000,0,0,Route16_trip152040020_06:41:00,6,Euro4,Gasoline,Gillig_102,Passenger
06:56:29,24989000,0,0,Route16_trip152040020_06:41:00,6,Euro4,Gasoline,Gillig_102,Passenger
06:56:30,24990000,0,0,Route16_trip152040020_06:41:00,6,Euro4,Gasoline,Gillig_102,Passenger
06:56:31,24991000,0,0,Route16_trip152040020_06:41:00,6,Euro4,Gasoline,Gillig_102,Passenger
06:56:32,24992000,0,0,Route16_trip152040020_06:41:00,6,Euro4,Gasoline,Gillig_102,Passenger
06:56:33,24993000,0,0,Route16_trip152040020_06:41:00,6,Euro4,Gasoline,Gillig_102,Passenger
06:56:34,24994000,0,0,Route16_trip152040020_06:41:00,6,Euro4,Gasoline,Gillig_102,Passenger
06:56:35,24995000,0,0,Route16_trip152040020_06:41:00,6,Euro4,Gasoline,Gillig_102,Passenger
06:56:36,24996000,0,0,Route16_trip152040020_06:41:00,6,Euro4,Gasoline,Gillig_102,Passenger
06:56:37,24997000,0,0,Route16_trip152040020_06:41:00,6,Euro4,Gasoline,Gillig_102,Passenger
06:56:38,24998000,0,0,Route16_trip152040020_06:41:00,6,Euro4,Gasoline,Gillig_102,Passenger
06:56:39,24999000,0,0,Route16_trip152040020_06:41:00,6,Euro4,Gasoline,Gillig_102,Passenger
06:56:40,25000000,0,0,Route16_trip152040020_06:41:00,6,Euro4,Gasoline,Gillig_102,Passenger
06:56:41,25001000,0,0,Route16_trip152040020_06:41:00,6,Euro4,Gasoline,Gillig_102,Passenger
06:56:42,25002000,0,0,Route16_trip152040020_06:41:00,6,Euro4,Gasoline,Gillig_102,Passenger
06:56:43,25003000,0,0,Route16_trip152040020_06:41:00,6,Euro4,Gasoline,Gillig_102,Passenger
06:56:44,25004000,0,0,Route16_trip152040020_06:41:00,6,Euro4,Gasoline,Gillig_102,Passenger
06:56:45,25005000,0,0,Route16_trip152040020_06:41:00,6,Euro4,Gasoline,Gillig_102,Passenger
06:56:46,25006000,0,0,Route16_trip152040020_06:41:00,6,Euro4,Gasoline,Gillig_102,Passenger
06:56:47,25007000,0,0,Route16_trip152040020_06:41:00,6,Euro4,Gasoline,Gillig_102,Passenger
06:56:48,25008000,0,0,Route16_trip152040020_06:41:00,6,Euro4,Gasoline,Gillig_102,Passenger
06:56:49,25009000,0,0,Route16_trip152040020_06:41:00,6,Euro4,Gasoline,Gillig_102,Passenger
06:56:50,25010000,0,0,Route16_trip152040020_06:41:00,6,Euro4,Gasoline,Gillig_102,Passenger
06:56:51,25011000,0,0,Route16_trip152040020_06:41:00,6,Euro4,Gasoline,Gillig_102,Passenger
06:56:52,25012000,0,0,Route16_trip152040020_06:41:00,6,Euro4,Gasoline,Gillig_102,Passenger
06:56:53,25013000,0,0,Route16_trip152040020_06:41:00,6,Euro4,Gasoline,Gillig_102,Passenger
06:56:54,25014000,0,0,Route16_trip152040020_06:41:00,6,Euro4,Gasoline,Gillig_102,Passenger
06:56:55,25015000,0,0,Route16_trip152040020_06:41:00,6,Euro4,Gasoline,Gillig_102,Passenger
06:56:56,25016000,0,0,Route16_trip152040020_06:41:00,6,Euro4,Gasoline,Gillig_102,Passenger
06:56:57,25017000,0,0,Route16_trip152040020_06:41:00,6,Euro4,Gasoline,Gillig_102,Passenger
06:56:58,25018000,0,0,Route16_trip152040020_06:41:00,6,Euro4,Gasoline,Gillig_102,Passenger
06:56:59,25019000,0,0,Route16_trip152040020_06:41:00,6,Euro4,Gasoline,Gillig_102,Passenger
06:57:00,25020000,0,0,Route16_trip152040020_06:41:00,6,Euro4,Gasoline,Gillig_102,Passenger
06:57:01,25021000,0,0,Route16_trip152040020_06:41:00,6,Euro4,Gasoline,Gillig_102,Passenger
06:57:02,25022000,0,0,Route16_trip152040020_06:41:00,6,Euro4,Gasoline,Gillig_102,Passenger
06:57:03,25023000,0,0,Route16_trip152040020_06:41:00,6,Euro4,Gasoline,Gillig_102,Passenger
06:57:04,25024000,0,0,Route16_trip152040020_06:41:00,6,Euro4,Gasoline,Gillig_102,Passenger
06:57:05,25025000,0,0,Route16_trip152040020_06:41:00,6,Euro4,Gasoline,Gillig_102,Passenger
06:57:06,25026000,0,0,Route16_trip152040020_06:41:00,6,Euro4,Gasoline,Gillig_102,Passenger
06:57:07,25027000,0,0,Route16_trip152040020_06:41:00,6,Euro4,Gasoline,Gillig_102,Passenger
06:57:08,25028000,0,0,Route16_trip152040020_06:41:00,6,Euro4,Gasoline,Gillig_102,Passenger
06:57:09,25029000,0,0,Route16_trip152040020_06:41:00,6,Euro4,Gasoline,Gillig_102,Passenger
06:57:10,25030000,0,0,Route16_trip152040020_06:41:00,6,Euro4,Gasoline,Gillig_102,Passenger
06:57:11,25031000,0,0,Route16_trip152040020_06:41:00,6,Euro4,Gasoline,Gillig_102,Passenger
06:57:12,25032000,0,0,Route16_trip152040020_06:41:00,6,Euro4,Gasoline,Gillig_102,Passenger
06:57:13,25033000,0,0,Route16_trip152040020_06:41:00,6,Euro4,Gasoline,Gillig_102,Passenger
06:57:14,25034000,0,0,Route16_trip152040020_06:41:00,6,Euro4,Gasoline,Gillig_102,Passenger
06:57:15,25035000,0,0,Route16_trip152040020_06:41:00,6,Euro4,Gasoline,Gillig_102,Passenger
06:57:16,25036000,0,0,Route16_trip152040020_06:41:00,6,Euro4,Gasoline,Gillig_102,Passenger
06:57:17,25037000,0,0,Route16_trip152040020_06:41:00,6,Euro4,Gasoline,Gillig_102,Passenger
06:57:18,25038000,0,0,Route16_trip152040020_06:41:00,6,Euro4,Gasoline,Gillig_102,Passenger
06:57:19,25039000,0,0,Route16_trip152040020_06:41:00,6,Euro4,Gasoline,Gillig_102,Passenger
06:57:20,25040000,0,0,Route16_trip152040020_06:41:00,6,Euro4,Gasoline,Gillig_102,Passenger
06:57:21,25041000,0,0,Route16_trip152040020_06:41:00,6,Euro4,Gasoline,Gillig_102,Passenger
06:57:22,25042000,0,0,Route16_trip152040020_06:41:00,6,Euro4,Gasoline,Gillig_102,Passenger
06:57:23,25043000,0,0,Route16_trip152040020_06:41:00,6,Euro4,Gasoline,Gillig_102,Passenger
06:57:24,25044000,0,0,Route16_trip152040020_06:41:00,6,Euro4,Gasoline,Gillig_102,Passenger
06:57:25,25045000,0,0,Route16_trip152040020_06:41:00,6,Euro4,Gasoline,Gillig_102,Passenger
06:57:26,25046000,0,0,Route16_trip152040020_06:41:00,6,Euro4,Gasoline,Gillig_102,Passenger
06:57:27,25047000,0,0,Route16_trip152040020_06:41:00,6,Euro4,Gasoline,Gillig_102,Passenger
06:57:28,25048000,0,0,Route16_trip152040020_06:41:00,6,Euro4,Gasoline,Gillig_102,Passenger
06:57:29,25049000,0,0,Route16_trip152040020_06:41:00,6,Euro4,Gasoline,Gillig_102,Passenger
06:57:30,25050000,0,0,Route16_trip152040020_06:41:00,6,Euro4,Gasoline,Gillig_102,Passenger
06:57:31,25051000,0,0,Route16_trip152040020_06:41:00,6,Euro4,Gasoline,Gillig_102,Passenger
06:57:32,25052000,0,0,Route16_trip152040020_06:41:00,6,Euro4,Gasoline,Gillig_102,Passenger
06:57:33,25053000,0,0,Route16_trip152040020_06:41:00,6,Euro4,Gasoline,Gillig_102,Passenger
06:57:34,25054000,0,0,Route16_trip152040020_06:41:00,6,Euro4,Gasoline,Gillig_102,Passenger
06:57:35,25055000,0,0,Route16_trip152040020_06:41:00,6,Euro4,Gasoline,Gillig_102,Passenger
06:57:36,25056000,0,0,Route16_trip152040020_06:41:00,6,Euro4,Gasoline,Gillig_102,Passenger
06:57:37,25057000,0,0,Route16_trip152040020_06:41:00,6,Euro4,Gasoline,Gillig_102,Passenger
06:57:38,25058000,0,0,Route16_trip152040020_06:41:00,6,Euro4,Gasoline,Gillig_102,Passenger
06:57:39,25059000,0,0,Route16_trip152040020_06:41:00,6,Euro4,Gasoline,Gillig_102,Passenger
06:57:40,25060000,0,0,Route16_trip152040020_06:41:00,6,Euro4,Gasoline,Gillig_102,Passenger
06:57:41,25061000,0,0,Route16_trip152040020_06:41:00,6,Euro4,Gasoline,Gillig_102,Passenger
06:57:42,25062000,0,0,Route16_trip152040020_06:41:00,6,Euro4,Gasoline,Gillig_102,Passenger
06:57:43,25063000,0,0,Route16_trip152040020_06:41:00,6,Euro4,Gasoline,Gillig_102,Passenger
06:57:44,25064000,0,0,Route16_trip152040020_06:41:00,6,Euro4,Gasoline,Gillig_102,Passenger
06:57:45,25065000,0,0,Route16_trip152040020_06:41:00,6,Euro4,Gasoline,Gillig_102,Passenger
06:57:46,25066000,0,0,Route16_trip152040020_06:41:00,6,Euro4,Gasoline,Gillig_102,Passenger
06:57:47,25067000,0,0,Route16_trip152040020_06:41:00,6,Euro4,Gasoline,Gillig_102,Passenger
06:57:48,25068000,0,0,Route16_trip152040020_06:41:00,6,Euro4,Gasoline,Gillig_102,Passenger
06:57:49,25069000,0,0,Route16_trip152040020_06:41:00,6,Euro4,Gasoline,Gillig_102,Passenger
06:57:50,25070000,0,0,Route16_trip152040020_06:41:00,6,Euro4,Gasoline,Gillig_102,Passenger
06:57:51,25071000,0,0,Route16_trip152040020_06:41:00,6,Euro4,Gasoline,Gillig_102,Passenger
06:57:52,25072000,0,0,Route16_trip152040020_06:41:00,6,Euro4,Gasoline,Gillig_102,Passenger
06:57:53,25073000,0,0,Route16_trip152040020_06:41:00,6,Euro4,Gasoline,Gillig_102,Passenger
06:57:54,25074000,0,0,Route16_trip152040020_06:41:00,6,Euro4,Gasoline,Gillig_102,Passenger
06:57:55,25075000,0,0,Route16_trip152040020_06:41:00,6,Euro4,Gasoline,Gillig_102,Passenger
06:57:56,25076000,0,0,Route16_trip152040020_06:41:00,6,Euro4,Gasoline,Gillig_102,Passenger
06:57:57,25077000,0,0,Route16_trip152040020_06:41:00,6,Euro4,Gasoline,Gillig_102,Passenger
06:57:58,25078000,0,0,Route16_trip152040020_06:41:00,6,Euro4,Gasoline,Gillig_102,Passenger
06:57:59,25079000,0,0,Route16_trip152040020_06:41:00,6,Euro4,Gasoline,Gillig_102,Passenger
06:58:00,25080000,0,0,Route16_trip152040020_06:41:00,6,Euro4,Gasoline,Gillig_102,Passenger
06:58:01,25081000,0,0,Route16_trip152040020_06:41:00,6,Euro4,Gasoline,Gillig_102,Passenger
06:58:02,25082000,0,0,Route16_trip152040020_06:41:00,6,Euro4,Gasoline,Gillig_102,Passenger
06:58:03,25083000,0,0,Route16_trip152040020_06:41:00,6,Euro4,Gasoline,Gillig_102,Passenger
06:58:04,25084000,0,0,Route16_trip152040020_06:41:00,6,Euro4,Gasoline,Gillig_102,Passenger
06:58:05,25085000,0,0,Route16_trip152040020_06:41:00,6,Euro4,Gasoline,Gillig_102,Passenger
06:58:06,25086000,0,0,Route16_trip152040020_06:41:00,6,Euro4,Gasoline,Gillig_102,Passenger
06:58:07,25087000,0,0,Route16_trip152040020_06:41:00,6,Euro4,Gasoline,Gillig_102,Passenger
06:58:08,25088000,0,0,Route16_trip152040020_06:41:00,6,Euro4,Gasoline,Gillig_102,Passenger
06:58:09,25089000,0,0,Route16_trip152040020_06:41:00,6,Euro4,Gasoline,Gillig_102,Passenger
06:58:10,25090000,0,0,Route16_trip152040020_06:41:00,6,Euro4,Gasoline,Gillig_102,Passenger
06:58:11,25091000,0,0,Route16_trip152040020_06:41:00,6,Euro4,Gasoline,Gillig_102,Passenger
06:58:12,25092000,0,0,Route16_trip152040020_06:41:00,6,Euro4,Gasoline,Gillig_102,Passenger
06:58:13,25093000,0,0,Route16_trip152040020_06:41:00,6,Euro4,Gasoline,Gillig_102,Passenger
06:58:14,25094000,0,0,Route16_trip152040020_06:41:00,6,Euro4,Gasoline,Gillig_102,Passenger
06:58:15,25095000,0,0,Route16_trip152040020_06:41:00,6,Euro4,Gasoline,Gillig_102,Passenger
06:58:16,25096000,0,0,Route16_trip152040020_06:41:00,6,Euro4,Gasoline,Gillig_102,Passenger
06:58:17,25097000,0,0,Route16_trip152040020_06:41:00,6,Euro4,Gasoline,Gillig_102,Passenger
06:58:18,25098000,0,0,Route16_trip152040020_06:41:00,6,Euro4,Gasoline,Gillig_102,Passenger
06:58:19,25099000,0,0,Route16_trip152040020_06:41:00,6,Euro4,Gasoline,Gillig_102,Passenger
06:58:20,25100000,0,0,Route16_trip152040020_06:41:00,6,Euro4,Gasoline,Gillig_102,Passenger
06:58:21,25101000,0,0,Route16_trip152040020_06:41:00,6,Euro4,Gasoline,Gillig_102,Passenger
06:58:22,25102000,0,0,Route16_trip152040020_06:41:00,6,Euro4,Gasoline,Gillig_102,Passenger
06:58:23,25103000,0,0,Route16_trip152040020_06:41:00,6,Euro4,Gasoline,Gillig_102,Passenger
06:58:24,25104000,0,0,Route16_trip152040020_06:41:00,6,Euro4,Gasoline,Gillig_102,Passenger
06:58:25,25105000,0,0,Route16_trip152040020_06:41:00,6,Euro4,Gasoline,Gillig_102,Passenger
06:58:26,25106000,0,0,Route16_trip152040020_06:41:00,6,Euro4,Gasoline,Gillig_102,Passenger
06:58:27,25107000,0,0,Route16_trip152040020_06:41:00,6,Euro4,Gasoline,Gillig_102,Passenger
06:58:28,25108000,0,0,Route16_trip152040020_06:41:00,6,Euro4,Gasoline,Gillig_102,Passenger
06:58:29,25109000,0,0,Route16_trip152040020_06:41:00,6,Euro4,Gasoline,Gillig_102,Passenger
06:58:30,25110000,0,0,Route16_trip152040020_06:41:00,6,Euro4,Gasoline,Gillig_102,Passenger
06:58:31,25111000,0,0,Route16_trip152040020_06:41:00,6,Euro4,Gasoline,Gillig_102,Passenger
06:58:32,25112000,0,0,Route16_trip152040020_06:41:00,6,Euro4,Gasoline,Gillig_102,Passenger
06:58:33,25113000,0,0,Route16_trip152040020_06:41:00,6,Euro4,Gasoline,Gillig_102,Passenger
06:58:34,25114000,0,0,Route16_trip152040020_06:41:00,6,Euro4,Gasoline,Gillig_102,Passenger
06:58:35,25115000,0,0,Route16_trip152040020_06:41:00,6,Euro4,Gasoline,Gillig_102,Passenger
06:58:36,25116000,0,0,Route16_trip152040020_06:41:00,6,Euro4,Gasoline,Gillig_102,Passenger
06:58:37,25117000,0,0,Route16_trip152040020_06:41:00,6,Euro4,Gasoline,Gillig_102,Passenger
06:58:38,25118000,0,0,Route16_trip152040020_06:41:00,6,Euro4,Gasoline,Gillig_102,Passenger
06:58:39,25119000,0,0,Route16_trip152040020_06:41:00,6,Euro4,Gasoline,Gillig_102,Passenger
06:58:40,25120000,0,0,Route16_trip152040020_06:41:00,6,Euro4,Gasoline,Gillig_102,Passenger
06:58:41,25121000,0,0,Route16_trip152040020_06:41:00,6,Euro4,Gasoline,Gillig_102,Passenger
06:58:42,25122000,0,0,Route16_trip152040020_06:41:00,6,Euro4,Gasoline,Gillig_102,Passenger
06:58:43,25123000,0,0,Route16_trip152040020_06:41:00,6,Euro4,Gasoline,Gillig_102,Passenger
06:58:44,25124000,0,0,Route16_trip152040020_06:41:00,6,Euro4,Gasoline,Gillig_102,Passenger
06:58:45,25125000,0,0,Route16_trip152040020_06:41:00,6,Euro4,Gasoline,Gillig_102,Passenger
06:58:46,25126000,0,0,Route16_trip152040020_06:41:00,6,Euro4,Gasoline,Gillig_102,Passenger
06:58:47,25127000,0,0,Route16_trip152040020_06:41:00,6,Euro4,Gasoline,Gillig_102,Passenger
06:58:48,25128000,0,0,Route16_trip152040020_06:41:00,6,Euro4,Gasoline,Gillig_102,Passenger
06:58:49,25129000,0,0,Route16_trip152040020_06:41:00,6,Euro4,Gasoline,Gillig_102,Passenger
06:58:50,25130000,0,0,Route16_trip152040020_06:41:00,6,Euro4,Gasoline,Gillig_102,Passenger
06:58:51,25131000,0,0,Route16_trip152040020_06:41:00,6,Euro4,Gasoline,Gillig_102,Passenger
06:58:52,25132000,0,0,Route16_trip152040020_06:41:00,6,Euro4,Gasoline,Gillig_102,Passenger
06:58:53,25133000,0,0,Route16_trip152040020_06:41:00,6,Euro4,Gasoline,Gillig_102,Passenger
06:58:54,25134000,0,0,Route16_trip152040020_06:41:00,6,Euro4,Gasoline,Gillig_102,Passenger
06:58:55,25135000,0,0,Route16_trip152040020_06:41:00,6,Euro4,Gasoline,Gillig_102,Passenger
06:58:56,25136000,0,0,Route16_trip152040020_06:41:00,6,Euro4,Gasoline,Gillig_102,Passenger
06:58:57,25137000,0,0,Route16_trip152040020_06:41:00,6,Euro4,Gasoline,Gillig_102,Passenger
06:58:58,25138000,0,0,Route16_trip152040020_06:41:00,6,Euro4,Gasoline,Gillig_102,Passenger
06:58:59,25139000,0,0,Route16_trip152040020_06:41:00,6,Euro4,Gasoline,Gillig_102,Passenger
06:59:00,25140000,0,0,Route16_trip152040020_06:41:00,6,Euro4,Gasoline,Gillig_102,Passenger
06:59:01,25141000,0,0,Route16_trip152040020_06:41:00,6,Euro4,Gasoline,Gillig_102,Passenger
06:59:02,25142000,0,0,Route16_trip152040020_06:41:00,6,Euro4,Gasoline,Gillig_102,Passenger
06:59:03,25143000,0,0,Route16_trip152040020_06:41:00,6,Euro4,Gasoline,Gillig_102,Passenger
06:59:04,25144000,0,0,Route16_trip152040020_06:41:00,6,Euro4,Gasoline,Gillig_102,Passenger
06:59:05,25145000,0,0,Route16_trip152040020_06:41:00,6,Euro4,Gasoline,Gillig_102,Passenger
06:59:06,25146000,0,0,Route16_trip152040020_06:41:00,6,Euro4,Gasoline,Gillig_102,Passenger
06:59:07,25147000,0,0,Route16_trip152040020_06:41:00,6,Euro4,Gasoline,Gillig_102,Passenger
06:59:08,25148000,0,0,Route16_trip152040020_06:41:00,6,Euro4,Gasoline,Gillig_102,Passenger
06:59:09,25149000,0,0,Route16_trip152040020_06:41:00,6,Euro4,Gasoline,Gillig_102,Passenger
06:59:10,25150000,0,0,Route16_trip152040020_06:41:00,6,Euro4,Gasoline,Gillig_102,Passenger
06:59:11,25151000,15,152,Route16_trip152040020_06:41:00,6,Euro4,Gasoline,Gillig_102,Passenger
06:59:12,25152000,62,471,Route16_trip152040020_06:41:00,6,Euro4,Gasoline,Gillig_102,Passenger
06:59:13,25153000,36,-261,Route16_trip152040020_06:41:00,6,Euro4,Gasoline,Gillig_102,Passenger
06:59:14,25154000,97,612,Route16_trip152040020_06:41:00,6,Euro4,Gasoline,Gillig_102,Passenger
06:59:15,25155000,179,813,Route16_trip152040020_06:41:00,6,Euro4,Gasoline,Gillig_102,Passenger
06:59:16,25156000,265,865,Route16_trip152040020_06:41:00,6,Euro4,Gasoline,Gillig_102,Passenger
06:59:17,25157000,131,-1336,Route16_trip152040020_06:41:00,6,Euro4,Gasoline,Gillig_102,Passenger
06:59:18,25158000,4,-1277,Route16_trip152040020_06:41:00,6,Euro4,Gasoline,Gillig_102,Passenger
06:59:19,25159000,0,-33,Route16_trip152040020_06:41:00,6,Euro4,Gasoline,Gillig_102,Passenger
06:59:20,25160000,0,-1,Route16_trip152040020_06:41:00,6,Euro4,Gasoline,Gillig_102,Passenger
06:59:21,25161000,0,0,Route16_trip152040020_06:41:00,6,Euro4,Gasoline,Gillig_102,Passenger
06:59:22,25162000,0,0,Route16_trip152040020_06:41:00,6,Euro4,Gasoline,Gillig_102,Passenger
06:59:23,25163000,0,0,Route16_trip152040020_06:41:00,6,Euro4,Gasoline,Gillig_102,Passenger
06:59:24,25164000,0,0,Route16_trip152040020_06:41:00,6,Euro4,Gasoline,Gillig_102,Passenger
06:59:25,25165000,0,0,Route16_trip152040020_06:41:00,6,Euro4,Gasoline,Gillig_102,Passenger
06:59:26,25166000,0,0,Route16_trip152040020_06:41:00,6,Euro4,Gasoline,Gillig_102,Passenger
06:59:27,25167000,0,0,Route16_trip152040020_06:41:00,6,Euro4,Gasoline,Gillig_102,Passenger
06:59:28,25168000,0,0,Route16_trip152040020_06:41:00,6,Euro4,Gasoline,Gillig_102,Passenger
06:59:29,25169000,0,0,Route16_trip152040020_06:41:00,6,Euro4,Gasoline,Gillig_102,Passenger
06:59:30,25170000,0,0,Route16_trip152040020_06:41:00,6,Euro4,Gasoline,Gillig_102,Passenger
06:59:31,25171000,0,0,Route16_trip152040020_06:41:00,6,Euro4,Gasoline,Gillig_102,Passenger
06:59:32,25172000,0,0,Route16_trip152040020_06:41:00,6,Euro4,Gasoline,Gillig_102,Passenger
06:59:33,25173000,0,0,Route16_trip152040020_06:41:00,6,Euro4,Gasoline,Gillig_102,Passenger
06:59:34,25174000,0,0,Route16_trip152040020_06:41:00,6,Euro4,Gasoline,Gillig_102,Passenger
06:59:35,25175000,0,0,Route16_trip152040020_06:41:00,6,Euro4,Gasoline,Gillig_102,Passenger
06:59:36,25176000,0,0,Route16_trip152040020_06:41:00,6,Euro4,Gasoline,Gillig_102,Passenger
06:59:37,25177000,0,0,Route16_trip152040020_06:41:00,6,Euro4,Gasoline,Gillig_102,Passenger
06:59:38,25178000,0,0,Route16_trip152040020_06:41:00,6,Euro4,Gasoline,Gillig_102,Passenger
06:59:39,25179000,0,0,Route16_trip152040020_06:41:00,6,Euro4,Gasoline,Gillig_102,Passenger
06:59:40,25180000,0,0,Route16_trip152040020_06:41:00,6,Euro4,Gasoline,Gillig_102,Passenger
06:59:41,25181000,0,0,Route16_trip152040020_06:41:00,6,Euro4,Gasoline,Gillig_102,Passenger
06:59:42,25182000,0,0,Route16_trip152040020_06:41:00,6,Euro4,Gasoline,Gillig_102,Passenger
06:59:43,25183000,0,0,Route16_trip152040020_06:41:00,6,Euro4,Gasoline,Gillig_102,Passenger
06:59:44,25184000,0,0,Route16_trip152040020_06:41:00,6,Euro4,Gasoline,Gillig_102,Passenger
06:59:45,25185000,0,0,Route16_trip152040020_06:41:00,6,Euro4,Gasoline,Gillig_102,Passenger
06:59:46,25186000,0,0,Route16_trip152040020_06:41:00,6,Euro4,Gasoline,Gillig_102,Passenger
06:59:47,25187000,0,0,Route16_trip152040020_06:41:00,6,Euro4,Gasoline,Gillig_102,Passenger
06:59:48,25188000,0,0,Route16_trip152040020_06:41:00,6,Euro4,Gasoline,Gillig_102,Passenger
06:59:49,25189000,0,0,Route16_trip152040020_06:41:00,6,Euro4,Gasoline,Gillig_102,Passenger
06:59:50,25190000,0,0,Route16_trip152040020_06:41:00,6,Euro4,Gasoline,Gillig_102,Passenger
06:59:51,25191000,0,0,Route16_trip152040020_06:41:00,6,Euro4,Gasoline,Gillig_102,Passenger
06:59:52,25192000,0,0,Route16_trip152040020_06:41:00,6,Euro4,Gasoline,Gillig_102,Passenger
06:59:53,25193000,0,0,Route16_trip152040020_06:41:00,6,Euro4,Gasoline,Gillig_102,Passenger
06:59:54,25194000,0,0,Route16_trip152040020_06:41:00,6,Euro4,Gasoline,Gillig_102,Passenger
06:59:55,25195000,0,0,Route16_trip152040020_06:41:00,6,Euro4,Gasoline,Gillig_102,Passenger
06:59:56,25196000,0,0,Route16_trip152040020_06:41:00,6,Euro4,Gasoline,Gillig_102,Passenger
06:59:57,25197000,0,0,Route16_trip152040020_06:41:00,6,Euro4,Gasoline,Gillig_102,Passenger
06:59:58,25198000,0,0,Route16_trip152040020_06:41:00,6,Euro4,Gasoline,Gillig_102,Passenger
06:59:59,25199000,0,0,Route16_trip152040020_06:41:00,6,Euro4,Gasoline,Gillig_102,Passenger
